0.1185154196757718,-0.9699995842022618,1.96817317373902,-0.03961020568405694,-0.2079643065944078,-0.2733013508244893,-0.3254751593852386,0.9610912529463858,0.8235202639024002,-0.170673933220655
0.1781544997144038,-0.6496482407261995,-1.655761846659978,0.5366818365190602,-0.1986123434963198,-1.163860554342632,0.08784293862446069,-2.171863685987873,0.3007671090197838,-1.207392940540204
-0.4736744305230003,2.003974302675644,1.021988531717769,-0.1906617763942946,1.017250230817145,0.4700851627256627,-1.701687223862543,-1.185804804706619,-0.5926919559503837,1.009870797744058
-0.414594910190768,0.1734898555649598,-1.064940164373396,-0.419554342960529,-0.6460547588867972,-0.04866166643644735,-0.5504848779719496,0.0556176629818286,1.973702384991906,0.631450228233876
1.439663451333156,0.7682417903023091,-0.5210261098874557,-1.538665543441598,1.900333569773731,-0.4925487955825496,-0.5548525329642833,-0.37049845286083,0.8571151271112298,0.3191940344442379
1.814469569087516,0.1826991531893468,-0.8955405484248489,0.3561322891158996,0.5509090400123606,-1.96614566867499,1.393222002465187,-0.2980625438426351,1.589450389522604,-0.2329310759417536
-2.394050442973414,-2.821716221275337,0.996405982155948,0.5973814451937386,-1.283538636728906,-0.7054739882076586,-0.7294454082368662,-0.6585141903681243,0.4519962652218641,0.08181032598811146
-2.190034383710724,-2.162662460266547,0.7555682541501044,0.4202059369182126,0.2297897160256301,-1.784883272085351,0.5218410583456825,0.1898335299918788,0.867582065285499,1.272724223540333
-1.909225684297729,-1.930665897584627,-0.5352268284703338,0.06895986424452369,1.140757032539087,0.4320674998175483,-0.2974925334908478,0.661301918299943,-0.2342174612875216,0.8805326019621349
0.6317069861641629,1.577122131058994,-0.173929740789854,-0.07930783421334257,0.3224276218511179,-0.7059655126460884,-0.8909626399046414,-1.042120866236825,-0.7073382722759736,-2.084763922373372
1.07046065937824,0.4759670732560841,2.756551504580552,-0.2530759901047995,-0.2906430683067496,1.217098759279956,-0.9794878624717923,-0.9312227067580272,0.2099458781608313,-0.8102785269353584
0.3784761105058158,0.9986051204708866,-1.46924374645131,1.157195994009912,-1.045984465876856,1.242465111204426,-1.930125645054863,2.16496649463343,-2.679040599532795,0.244655812903076
-1.952197820316325,-2.492095434780746,0.05341549178760117,-1.008879004350777,-0.3838704106247979,-0.01959584567669102,0.09797263818199559,-0.02661048167405558,-1.787013407254173,0.505198761256251
-1.268865286513309,-0.8524504895830327,0.434861204196804,0.5609170700295576,1.381377504937273,-1.239086445963022,3.122440315664763,1.376459133783378,2.480163762633336,1.307114741132062
0.4026089222103999,0.1054845901195969,-1.991093949265101,-0.5344528053552545,1.403234737874565,-1.329313392770092,0.05318567686084991,-0.7540362453283391,0.1437550507632167,0.03635965021688805
-1.594147080265384,2.91107965380321,0.3522326741451249,0.9697574485812581,-0.1240269604462344,1.028103897639244,-0.5866500432468174,0.4721957835099757,-0.1115970948931287,1.66221231010935
-2.346969531827228,-2.763123875165956,-1.959664682191772,0.3353799933070837,-1.170447632842162,0.532017393864745,0.01810175962890153,0.2796553966921837,0.06339859147687295,0.7396986611830905
-2.183829099983316,-1.935021034144172,1.09570414104607,-0.773985295761204,-0.9757136290651268,1.472642338087289,-1.711963061123708,1.099483089910364,-0.5044969350919897,-1.593765778960352
0.2009400856428885,-0.7062428287823673,1.045839083673988,0.2230648966041632,0.3022699613764009,-0.6192020959739467,-0.6147418420739225,1.268163704069089,-0.1208586498522765,1.600498930610811
1.175537518078233,1.432670772835102,-1.496650167882533,-1.299081840345991,-1.595328316759001,-1.639796827864802,-1.430789565998934,1.538048769041965,1.000221558798911,-0.6223098344011569
0.1440053753883219,1.021086589355406,-0.9348411969383273,0.8141679844395587,-0.8363987691538641,0.8815843146203419,-0.3596821466972296,1.024314611481928,-0.6390500528607158,-1.207752290874866
-1.37991149054276,-1.721643773513255,-0.8354624892577843,2.16426746675941,-0.4452559575561687,0.7069686175443021,-1.692577689976957,-0.4568070294812646,-0.5308650643526011,0.7250057054085884
1.860349737621205,0.4781317888417771,-0.3302624785098994,-1.267421828611676,1.753613980245866,-1.131685703980258,-0.4005188477873107,1.222775269253859,-0.9649536531393592,0.4686658143591882
-1.069783914796305,-1.687628200713445,1.309237252450918,0.09445144719196767,-0.693044857067548,0.3400931806625592,0.5938128942275743,-0.7727561542797213,0.95370186147987,0.7109136364861275
-0.3891759612192853,-1.000034987635167,-1.75706081276485,1.560005190223112,-0.4319261310641801,-0.2352608320322766,-0.5386215387784656,-0.84084800626292,-0.2128894016928161,0.1707582350404113
0.2313441757109829,0.7921720071440566,-0.8818968863139692,0.1642046112200013,-1.029784175736489,0.4288096015862858,-1.501791320830925,-0.7360439195844939,1.158146764776149,1.230453102270551
1.464392209794853,0.8561287681282277,-1.536796629687427,0.562416535537842,0.846995388422552,-1.766409824320958,-1.321587814908536,0.4445339851844854,0.1387844796302829,0.2924012692867098
-0.5470434680767995,-0.963803546424534,0.06022817147001192,1.24917386632955,-0.9551635881394509,0.9713002194880964,0.2065446432873658,-0.2042281427116826,0.4216551528136706,-0.3160592796324274
2.224125256819629,-0.564136856794617,-1.057160041250828,-1.012260316338613,-1.055948939368571,0.289098367372406,1.337251407078422,-0.08629688924007733,1.868651527091622,-0.6549587229826689
1.879837752535385,1.146089910528323,1.260092176817334,2.928568149638382,-0.1543039099558146,-0.9353722582555002,0.6119436100788803,-0.0417824849941628,-0.3517023594755336,-2.39379008986869
-1.456158693418142,-0.3823341581267562,-1.160914149568396,-0.2464708113812859,0.4025244518460143,0.3675852962801738,-0.3424047123045578,0.5365315018855938,-1.622879740897723,0.08452705474631209
-0.3607952217458148,1.041399859267339,0.8246313389380868,0.5475869885259541,-2.039985466662479,-0.8558596760281971,-0.662432261613254,-1.142761130803248,-0.3278028798094367,-0.03704261204292247
-0.8180625110586603,-0.6884863199858482,-0.1929023063931805,1.287577030564183,-1.314589483090682,-1.005163883623143,-0.1793903075218007,-2.785748361329278,-0.1634259662475206,0.02379558004300605
0.001988435095294006,1.468460387193996,-1.27565586154009,1.147856176829843,-0.1657956021614958,-0.1177506634091429,-0.2806748066877657,0.9923126572799364,-0.379482374483499,-0.517390087678726
-0.2710568362880811,-0.8688031844941482,0.4736642439792756,0.2523386042274594,0.1209586658713818,-0.3652872547378458,0.1412846705637129,-1.098669499383252,-0.4909863949107326,1.178257798949754
3.318648301728444,-0.8480878701873902,0.5506363029401079,1.421373750988267,-0.524196261598378,0.4360988056066278,-0.06636924090391177,-1.112532791720826,-0.1246833287510384,0.4256348225652097
0.5679003111037201,1.488832102391381,-1.259263846439983,0.2281921086930991,0.5321547078015391,-1.181163065697728,-0.5959399629217301,-1.009998509455204,-1.504838854742417,-0.1094148178767774
-0.6397946415522286,2.170127583014662,-0.5943379219758554,-1.471573409859957,-0.5895932372791675,-0.1930626792122112,-1.024073128903307,0.7058559956382207,-1.0972065039078,2.330684529581457
-1.935918233314688,-1.641618538189384,-2.454641767995649,-1.281685272535104,0.9057014034600335,0.3063865808525004,-0.3331209213501973,0.6013374578678989,1.309325340777819,1.88043321697322
0.2643737298224437,0.8599609638772001,-1.445712213426132,0.3126713181264051,2.102631341547908,-0.1857412434656747,-0.126953167001216,1.430324085646894,0.4446985980972865,0.2665649917711654
1.190503922515968,0.3036845995758677,0.7333089638123106,2.403209054826426,-0.7169572601123055,-0.584235841038954,1.121654339333752,1.604306584153092,1.077727665251021,0.06923893278368659
0.295012560954984,2.143658351231365,0.2577691086465571,-2.42801655841963,-0.8474790324993804,0.3398008713556585,-0.1551338060324,-1.464706790002956,0.8261932838712487,-0.7793804766035244
-1.920750760327081,-1.543599694406587,0.5369577190317534,0.2496559236775754,0.3323412285870451,0.1049336936979821,-1.472826588011795,-0.7079570632527986,0.8272864740276882,0.5664353877644555
1.177729373202335,0.500966413527859,1.364945723938447,0.2778049917917731,-0.6447988034897693,-1.385997129548386,-0.7013269338522602,1.178387289418708,-0.0803411956061066,0.496582231842933
-1.251572482167134,2.666989512349916,-2.157990664038937,-0.8956551205284606,0.689633699039864,0.668747776011168,-0.1405008766678947,0.08307476820145927,1.702891134209556,0.1103265834609819
0.1042311316675715,2.052496802517005,0.2751262798454242,1.512995739537522,0.1186478450082842,-0.4248197162948877,0.8680026962627618,0.3750574888697232,0.2320009571163536,0.223234167690725
1.307786196845486,0.4538447368772555,-0.962664247605669,0.9654190359399729,0.05020539890222989,0.654950308136913,1.168908366717248,0.5986148362043453,-0.1498418247848313,-1.277054229746035
-1.89313765557464,-1.459603812439932,0.5642927726840883,1.479947408148947,0.3106441978620466,-0.05557140710328193,1.224207084931292,-0.2977428140639953,-0.9383192169536836,-1.020532559767453
0.6521915239499048,1.605659530865287,0.2968080831531495,-1.942978319288176,0.4232146762985697,0.3847904532048526,1.695438484361925,1.256132419320099,-0.008372904888322326,0.9784134084381261
0.4228214340485074,1.532556160951848,0.02176925223187463,-0.3515399808702244,-1.489825584179268,0.6171855564425623,0.8639347188778239,-0.7422174184722696,0.6481434865246959,-0.467542343214334
1.976261997745148,-0.5599573022475195,0.7700927438013904,0.8156802255956764,0.07484997873275279,-0.5512104473553682,-0.2879407917618103,1.630004389978277,2.21982505984415,0.2177177137523116
0.2876580830488025,0.5505614160755425,-0.4486976301850417,-0.9634827599747667,-0.9414237071463056,0.428559937224359,0.4569414519581071,1.376923291073182,-2.510128437790207,2.340693784455613
-1.463859401096125,-0.1676014474673365,-1.636469980966807,0.03063677811569648,1.046362131812842,0.9515792938475862,-0.4862909581758768,-0.6666541718326658,-1.34309254672641,-0.1298707751939285
0.5013566156027598,0.7257042118987513,-0.5411216637028989,-0.2796032932288117,-0.2731055959409568,-1.491409374557646,0.6231538304624022,-0.159022966893977,-0.4122846838747112,0.1329361373331489
-0.151836040262491,2.461963544590842,0.3302233105291709,0.3707284748103953,-0.09986427449726622,-1.653721568064032,0.2329379127433161,-0.5816899461729591,-1.167708181933577,0.129106843700376
-2.025158857268799,-1.777734769726115,0.1648445403618809,0.8719886972117985,1.275516826138816,1.194398512294725,0.3532017816918948,0.04336478235909531,-0.445461286126151,-1.124094473093246
0.8090805966049397,0.1216952055290499,-1.071923351251088,-0.1500483857098585,0.2401006665946882,1.117859699585611,-1.8087171362975,1.450818828240354,1.872243406853583,0.2278554334221319
-0.9912096921036546,-0.5454692192809063,0.473697774413666,0.8007073672324948,1.652915573108526,0.07656456651090721,0.6241509905865008,0.6041078532827356,-0.5329208165163201,-0.3821245941348017
-1.134278923694755,-0.8901181889150964,-0.9220887593225712,-0.9256105709067988,-0.2132535486414081,2.722350082598559,1.604073567959914,0.0964557038586016,-1.829196174228868,-0.8432901937837471
-1.984176428426211,-1.983537220003764,-0.2005247781016831,0.498799064214815,1.345932062068417,-0.4690479880763294,-0.2235582936472043,-1.435127816125753,0.3204826439762097,0.02425436400592774
-0.9662140751463093,-1.177440340118602,0.8319154588631396,0.7109085079605731,-0.6614516662892016,0.3105826091486575,0.2075613487605925,-1.720468700822851,-0.3039017690740067,1.139319228297482
-0.4998371905830613,-1.417149939741488,-0.6681623083364023,0.7360675607092223,1.141164066049014,-0.4744409157133124,0.3752136670698125,4.090420279518492,-0.632569201870168,-1.504244200600417
-1.361751211743057,-1.846246445454121,-0.907568704675069,-0.135512985610051,0.1954251760399943,-0.4789416208261978,0.7886623415581502,2.028369299015762,-0.8371562004479951,1.024075170103967
-0.5315581217536638,-1.371148290809534,-2.386053048185191,0.4570564745204153,-0.9684695726255226,-0.2253346191074148,-0.3337149145275614,-2.118542436554024,-0.8564604081102923,-0.8004083027831301
1.006641814849554,1.462927321612227,0.8082422341928873,-0.6442162494940747,-0.7328713110351596,-1.145274943496607,-0.5953047203845052,-0.5689033978732475,0.08589027009047148,1.341197156076374
3.505959557977604,-2.07542875346976,-1.766932089047176,1.399740172111252,-1.225112483252593,-1.313089594434329,-0.6033585519248947,-1.073382794834443,-1.066743825691473,0.7230829383595103
-0.6765230186966713,0.8777882159799664,-1.810991168463379,1.15346374697829,-0.6380474515279575,0.5114089230110527,0.4571569103229076,-0.672970771949206,0.5015413227765499,-0.1973940413636304
1.039045499629782,0.3990977751231662,0.1135652669825617,0.5585994048306401,-0.09858113496819543,2.034254842670296,1.114461579065942,1.780063395818923,-0.3228554596169549,0.007457509141524581
-1.89705398786616,-2.527683761750743,-1.198375978525965,0.4246424604940116,-0.9600090708317665,0.5008283863466264,-2.072863877742168,1.010721201656142,-1.226318270750095,-1.785938304084451
0.7460304129298584,1.510446415924512,1.256427639939482,-1.427253452429831,-1.781982771137892,-0.787206407739934,0.2723649432263854,0.4374227351669037,-0.7076311472928786,0.3861612705220822
0.5188834876233637,0.4730505770733924,-0.6997988167826804,0.2212739566680524,0.4498045559092234,0.6516407696039377,1.338729435663532,0.8553636687352832,-0.14079630357574,-0.7741953732770459
-0.3008296005687223,-0.5730446124984038,-0.6813375202059705,-0.05294230597472983,1.158824912108127,-2.463868926219684,1.095374445695478,-0.3522273390901558,-1.276182893522106,-0.03376779958169945
-0.3294807754658231,0.3084419570175672,0.3937057865128409,0.3790000967647392,-0.03028609085726819,1.457794315444893,-0.139534635355207,-0.5429699608628925,-0.7272194034305479,-1.641518666126805
-0.4609035231259531,1.619916698900295,-1.029043692522782,-1.229968999265296,-1.725792616343687,-0.3603482980482787,-0.8030673255767606,-0.9176363040995114,0.5161669824749988,-0.5116702644174037
-1.72292057134155,-2.54960760795163,-0.5953647358519971,-0.4458853806406325,-0.4811593761041404,0.8515118141684217,-0.2711547694935594,0.5260763010757622,-0.6192073568103406,-0.0539223442698176
0.9004863700456645,0.07818919931221302,0.7246878635302746,-0.6220036237592472,-0.5798288247623694,-2.726865670879292,-1.195411812608376,0.8943811495704282,0.3644943279441684,0.5567631773429729
1.110445631979111,-0.1228916658738,-0.05852469461207092,-0.5954168729275182,1.203956244666929,1.248352856950152,-0.9946651752063086,-0.03074745211005,1.627455789150913,0.4516140753910325
-1.315664518903043,-1.478181840119311,0.7074758595408003,-0.9579443308880472,0.2280974896916172,0.3539989924265581,1.948164646688671,1.446397323976541,0.2272030474954908,-0.1734073303219427
1.08855625271017,1.284273896182996,-0.5207168343432081,0.1371886168868597,2.34852429211357,1.013033883805297,-0.4614840449092408,-0.1541206449829342,0.1136953044567337,1.627263279117235
-1.106164510015798,-0.4920585274282978,0.8574776873778578,-0.6385452494718298,0.01569424593793875,-0.1311585426419881,0.7323041004970202,-0.7490150894064554,-1.811623846933678,0.8283500762851422
0.400213145785922,1.994294332879933,-0.6671991226683844,-2.214308239782761,-1.914024001724727,2.393388102731935,-0.5574990782248247,0.8583202447822553,-0.276903339742489,0.3805974421039138
-0.7346407944452762,2.674530098597586,0.1658662217105977,0.179667523926058,0.4970274051345365,-2.270868649583416,-0.7026187614894174,-0.0767409337663252,-0.7886701540478259,0.3984578552334389
0.2743767709863398,1.621453408107763,-0.2821849483838881,-0.7886463786530067,1.223887400544694,-0.6111533908723891,-0.3811265251482652,-0.2062495021697764,0.2316288254976299,-0.4714275928178731
-1.33015041745413,-1.548827063528191,0.1819103129846474,-0.1550126748424834,0.6558405635685747,-0.7643952177045373,0.3093404171272116,0.1285337839163083,1.181856577602753,-0.1345991719953794
1.068244322806371,0.6059366483215943,-2.086782603945081,0.5847335859097138,-1.540354994992772,-1.958956462109147,0.5490928822514058,0.1240764284658048,-0.3063738286241997,-2.18726940214806
0.6460636430338786,0.5407095023424713,1.07465832935436,-0.1579974416401203,-1.772313485174554,0.4987546483133984,-0.1131299019187499,0.07894819402765511,-1.959446196338047,1.172188741677091
-0.6521022748572418,-0.8756307380724165,1.14768065734508,0.07190773471705664,-0.6903057024799858,-0.6355472534011444,0.6910815323575739,0.1707785191460827,-0.1903341896182231,-1.275748560170097
-1.618891998472215,-0.6757499448729318,-1.125448610934904,0.6209505747294537,1.967839162935387,0.06007989590604164,-0.1785990240835427,-1.126382957374697,0.04956629133142196,-1.167911008578234
-2.502495817117779,-2.362780990129478,0.9028904787792431,1.655446694653505,-1.109373807663656,0.3167177766963625,0.7256787280929793,-0.3595816710475149,0.8507735448692266,1.324311378774436
-0.8751440162683952,3.162232581356132,1.251589584407422,1.708086505186714,2.864112237669817,-0.1840578644794728,0.06074183253692696,-0.5872750972870157,-0.2766129597906403,1.946428545286177
-0.1249473102644939,-0.123330267363674,0.5660743514115373,0.5840454939347904,0.02642285257397945,-1.371756010016281,1.115786215052198,-1.491649807834865,0.7715722686613179,1.404121915817736
-1.980009991304875,-1.842462617422918,-0.4946682934669295,-1.244666896949413,-0.1581281549645931,0.80087826814656,0.9380648765170365,1.345745270766697,-0.4450982126380217,-0.6733269492552112
1.567824302200727,0.6318717584954114,0.1905347021971059,0.543617382307328,2.467044741743383,-1.090086866765954,-1.324115408943958,0.08202334753117253,1.734964769552793,0.2829000078235411
0.6690615205127504,0.2683616106590412,2.070724166256347,0.3155661977590074,1.157779921075431,-0.1202219816155566,-2.781840808408397,1.152517519670406,0.7607675454027902,-0.6650287532901081
0.2849659747328268,2.459786166216839,0.5132701088291024,-1.390437358079121,-0.1434738135589431,-1.151248510709111,-0.6862294911149636,-0.1497521072903513,-0.05809502842262422,-0.2984546411656758
1.096054987767781,0.8228153107886997,1.335198164310245,-1.27276559826187,0.9935755698032798,-0.3228574606205675,0.6990902565897981,0.1360596268499852,0.6594680732152127,-2.271941801092637
0.7289342418508098,1.630507200329145,1.630619900666011,0.4672359498421436,-0.3931381724432416,-1.900013043020598,0.5033689575405483,1.14723638946523,-1.064781438652315,0.1999110170633591
1.987095587387671,-0.1749079379037246,0.5583828684943569,0.08569897695536517,-1.507564601731648,0.828893874198851,-0.9623111906192274,0.02044336853068806,1.079157987877168,-0.9439574916839911
2.57955168104117,-0.5001740827478007,-0.600232981309766,0.3079978745441829,-0.5788860042321841,0.2768103775776657,-1.289591629192713,1.370886098383534,-1.493448077704833,-0.8841108497921277
-1.816928413290867,-0.4130499286686933,0.1742452697446612,0.07748586216833647,0.9897491425292017,-0.4277905871816639,-0.03378940510475185,0.1729276969412223,2.132977610171739,0.2992993347510046
2.618608185988282,-0.1498950754388888,1.322512825548628,2.034394530066917,0.2387060503340689,1.244397088236151,0.06504924877720934,0.01314154028471731,0.2260275657468913,0.5220991097352677
-0.2995813196600468,0.4751642078555625,1.034460516862187,1.492279840696883,0.6120935700530877,-0.2444629331938099,1.078494246935431,1.377394571189371,-0.1900716939906677,1.209320913333217
1.503393235574352,0.03172929500759625,0.4151853880076271,1.261976521963795,0.3203096298943364,0.9596729979034196,0.847216907454442,-0.5201703889956962,0.2638017721019782,1.070861595356967
-1.180369310571656,-1.009553754620615,-0.453739989209922,-0.9107670885079027,1.145625681760776,-0.3049434743424543,0.5681885828393156,1.299364011637519,-0.5167699101665095,-0.5101422564334837
0.01349704752652481,0.01685661944765582,-0.5297120200508924,0.4592740831307105,-0.2171916044014189,-0.4923482441894264,-0.01334688387232651,0.07821033892312837,-0.9971568928066238,-0.6084795563440143
-0.4532807033424437,1.636557151722187,-0.7110153873111408,1.033948321708209,-1.203146371576689,1.353481101051315,0.9855027961096794,1.380242999873745,0.1185093520454799,0.5542689940943432
2.813110893905389,0.02752830009917928,0.6111408229835458,-0.7452048716970917,-0.6676829195127755,-1.796442415931539,0.2799691413507984,0.5096801055267773,0.06640374431326572,-1.050072412261395
-2.529306833280261,-1.630459273575382,-0.1043260823236073,-0.835960911049822,-0.09024787338040324,1.984414322185881,-0.5135679079202427,0.6259096830391265,0.8347703539767285,-1.156628815403735
-2.789898238240428,-1.597115613949452,0.0200229699568301,0.4301045476129251,-0.1884119121423892,0.7144086911264689,-0.6814049934252565,0.2234843118537121,-0.6916885311129986,0.006165252712413379
-0.3395773307991212,1.660096919144228,-1.921297503823669,1.049008424312307,-0.7674401480841802,-0.6550294208628811,-0.017073239698917,1.718875361952791,1.838682311576827,-0.07532718323376987
1.477100296010847,0.5816276011520726,-0.4040529710971483,1.391837153479907,-0.14191504948736,-0.01979052266449612,-0.5489376852177296,0.5269994286076222,1.35624576135117,0.5307395938103934
-2.381837331580523,-2.749476858178913,-2.414512287840399,1.886834794285237,-1.713899852108407,-0.7240667600420034,-0.8083438336695105,-1.38899155062943,-2.037242778247876,0.9412529500937965
-0.01584267716016585,1.955579104969097,1.612584978202094,1.15489052046223,-0.8515334146237974,1.461331330655715,-0.0163453043295734,-0.8161566957824797,-0.2380817798757562,1.335984937608806
1.164478755253172,1.375812308459009,0.524502931322847,-0.4841491212242292,0.4902270097963489,0.6472469588476351,-0.1765664528306215,-0.6985285261591543,-0.9337538429346725,0.8272421180825376
1.027717344037723,-0.8995178444306762,0.6633612791885655,2.626855922672519,0.4919244188512821,-0.4403829061693892,0.851168363088714,0.9537002672374625,0.7116538931526181,0.6619194166242244
-1.545764477339244,-1.859542989376268,-0.1881505824643525,0.434594524502389,1.021222574617936,1.049753278798564,-0.4784692698351494,-0.1196558034844856,-0.3464841574029163,0.007571926407767287
1.755868016253086,-0.2084453984565511,0.5025657042695412,-1.162177924745845,0.8971315075918699,-0.9946688484831255,-1.009998925439037,0.4381104008912978,-0.6938929740971546,2.937050970103925
-1.524919503097185,-0.9271909087324621,-0.5896089335128369,-1.003160101110618,-0.7037852336730801,-0.5098764605035946,0.7912002402980064,1.035951230137645,0.3057265655683765,-0.04675138416361408
0.2216576933960717,0.9981933284044132,1.483540421137801,-0.5655123854268764,1.734209884346621,-0.7678311490443239,0.9901236379732725,0.4591976851358952,-0.8226034882422706,-1.2450728729093
2.30765291645093,-0.08455260842334456,0.04845372317624919,0.04626428453613617,-0.4174183491933141,1.203897323738359,0.6924855254618121,-1.371336676304412,1.660601612198152,0.1902164264744034
-1.113871241400422,-0.2952810682061637,-0.69854642645724,-1.009023347701957,0.9330666171983715,0.2268974412317023,-0.2714974866653881,0.9055677538507401,1.702883325196341,0.3361218810175535
0.7094583187710939,1.544711213910966,-0.5972382589107349,-0.8183705624015413,-0.8056057673419729,-1.386600799465324,-1.568642413560433,-1.256868469255904,0.2078681544166978,0.3179766809728251
0.5484458062092814,1.732697376533139,0.06076107489033172,-0.4665276525367435,0.4898309021911424,-0.5089977861479056,-0.3802084286922923,-0.7233365528630458,1.352538611439478,-0.4678470539741679
-0.6639538846770484,-0.9749201667781948,1.007084269451158,-0.3382176299250736,-0.4064530448710383,0.745304065980161,1.063889020113904,2.303922941012403,-0.01568925879721608,0.3113086871961712
-2.834981287144992,-1.969828294295971,-1.201684131970203,-0.8118699592495683,0.2707553974671811,0.2929922695905493,1.624437188042158,-0.3272990594939903,-3.028466531141419,1.046659021576631
-0.8031329823834839,-1.128717766816981,-0.6028501498345052,0.7079532788723173,-1.036986607896874,0.8321639720783103,-1.155796267536908,1.429331238452922,-1.885901465122096,1.729596494492631
0.8234420916878291,0.3833639061600687,1.663912711659015,0.672128778553799,-0.5262495272085458,0.5360624037144248,0.253375520601028,-0.6297974760205571,-0.4983002511360059,-0.5061087768684269
1.421351093337352,1.719365052797797,1.033804576392109,-0.7654782991184923,-1.944832704495025,-2.250404648283497,-0.3812349273579531,-1.340951005220143,-0.4876785583314335,-0.1856399385484951
-2.725289841096546,-3.084669923419757,1.057306075739182,3.12167715809934,0.9094580449505218,-1.101193698911898,-0.08043663802464812,0.2703970965575316,-0.2388730712256698,0.4601411663245836
-2.083555792448656,-1.701479632187327,0.02495370627748661,-2.407227475626376,-0.2973527423383428,1.339766461948848,-0.9415243349555418,0.2811939762783778,1.407223368505742,-0.4337185974561911
-1.032803042411445,-1.284232400524388,0.3118658159376367,1.645157416890916,-0.3043334254690855,-1.545948405311419,-1.398802093251064,0.6057509333100209,-0.5977103998989218,0.2685988456483716
0.3899401446951318,0.950004997670463,-0.3791464305507064,0.4107993037074315,1.306530896337029,-1.211854777188301,-0.4926656191504635,-0.5109529981264256,-1.282766177596478,0.3008321762064065
-1.6220027224827,-2.948612959723221,1.088412202784039,-1.173545100208761,-0.2476970679791657,1.792015055775306,-1.092966100164376,-1.491095706258468,-0.4051526252578834,0.3650256291624963
-1.79517376906428,-1.622054284357098,1.027678871748889,-0.6838212436363655,-0.589712527229448,-2.377782073977719,0.491781762980034,-0.5391688062756526,0.1213251365904855,0.2058543815062815
1.391096577027212,0.4383213422841485,1.700212086705486,1.935386258668292,0.2371429229259514,0.3054332448794406,-0.3054956416030786,-0.637329044214749,-0.6221287756575469,-0.251732208288183
-1.63129619885526,-1.617584527387268,2.426635765904434,0.1940417092106921,1.110566043140096,0.4311288575703742,-0.4841568196442512,-0.3528233742647947,-1.092485475834898,0.03322448591599173
-1.966586385286642,-1.93609790490667,0.0312530142981134,0.0606733290239598,0.4061685181799037,-0.863695659716946,-2.473298059180028,1.084177539114609,-0.441699154354572,0.4320663946207341
-1.806501412295758,-1.51953859115107,-0.9374521040744648,0.4361243392613998,-0.759429729208148,0.4838180958822806,0.3045047253256286,0.9910141098936555,-1.094972271042141,-1.170323572575505
1.290260392687052,1.394774041721949,-1.235897329038101,-0.5942670402443553,-1.880461885668699,-1.603138054164078,-0.5264019635786326,0.2656950221725782,-0.8809280645490877,0.07250049244224538
-2.422770189387641,-2.533020392550794,-0.3750770727412515,-0.6775402733296213,0.1968170541743678,-1.922919503644401,0.343099920035384,-1.443598198376165,-0.1741899067275696,0.09973659222368388
1.907164087520108,1.658886885021209,-0.9064480708700834,-0.3070583968306437,1.902586109013773,0.1953779136268271,0.2835399903057779,0.5360523035139793,-0.7049932731764048,-1.579632618833939
-2.453412000608024,-1.609553163223495,-0.03174343582013993,-0.194612133083446,-0.7745763554612457,0.5217245247851818,-0.03324983449653663,-1.768144219531031,-0.3695905110511106,0.1801043354188645
1.254257508977067,1.29929862459908,0.1241856419703165,-0.375650203950185,-0.6376715549074849,0.353639458045119,2.324070035754404,0.4738556898760999,-1.062782300301408,-1.248514971081121
-1.909275685094759,-2.157893158222071,0.7852886498075331,-0.1590253359904981,0.03297584071288438,0.3491430830049302,0.6840426290518494,-0.1765604517202779,-1.2409675483614,-2.090792254281518
-0.8909303860048228,-1.181284893225753,1.49998379920961,-0.5830753441465797,-0.5206481549001759,-0.4398884298067058,0.6310417162625513,-1.170451590152022,1.835294487309296,0.03171150498132903
1.4727879930963,0.8127268134026604,-0.2288444710971728,-0.506998925354545,0.204437111620738,0.05343760606259675,1.375828723011613,0.03131168755013876,-0.4556358893836184,-1.368418449541318
-1.363294410282148,-1.106340240726889,0.6550782846446227,1.154216765742025,-1.561959767680798,0.4160505215264153,1.027988978324494,0.741135326097453,0.02386446270075639,-1.857286468468703
-0.1384766894343861,-1.072785157634875,-0.723683028811159,-0.09254905739600607,1.420434219817811,1.057744948918182,-0.04408335713164462,-1.484967735796905,0.4506207671007779,0.2576410615281171
1.928355195202805,-0.2491263211731538,-0.9896941707843756,-0.454543152201498,0.2540367762589323,0.7080562694894333,1.547387156665633,-0.5924305170710978,-1.156444159357226,-1.240289184397533
1.842577499099225,-0.0778294793252956,0.1595562885815769,2.522193462023473,0.05730205076182372,0.9491228060112301,0.1126497980959833,0.2801323423207176,0.5977560841958039,1.238603749752774
0.2663506424171066,1.719525597480666,-1.650043051679805,-0.6840357153937626,-0.9460064121462095,-1.426567257487688,0.6217948899553256,-0.114900254639606,-1.295956444264084,-0.4726101227061725
0.8658126195728288,0.5958470967854264,0.6056383104202406,-2.216496671742934,0.5237264499251274,-1.372766871773759,-0.06558829257084325,1.125960109483281,-1.015162035474399,-0.9760229893192955
-0.167981669548394,2.862452219995952,1.428199926277368,0.6643530136850485,-0.007415307453385438,-0.3749069050016526,-0.2363712652383441,1.500224264257233,-0.6070596040818746,-1.26271213254069
-1.179763818047989,-1.550874143512438,1.1254093654316,-0.5507045170463636,-1.112185424132437,0.37062425430956,0.7099229115355249,-1.18456881712455,2.262824776446184,1.137207343095386
-2.056844777398223,-3.208630308204806,-0.5288728965026206,-0.04417004353576285,-0.04048215203796779,-1.517191885223514,-2.00637357546423,-1.286463762790578,0.05912742483491468,-0.6970115692474665
-0.00987549049453651,0.1822657630088358,0.04649173290561643,-1.134162412517463,0.8051271816473163,1.342473356823495,-0.5892738564438263,0.07434300922580746,-0.9834591747073415,0.6603071922897993
-0.6935259522363579,2.732852351642943,0.671572312535585,-1.513838783663007,-0.1919555622568849,0.8453355397996999,-0.2768929077287295,0.4293242550305835,-0.1138547731612003,0.3405778324627409
0.1966247876551146,1.140610364728617,0.3545693795878464,-0.4789661470190046,-0.9017715440197649,-0.09989813876814856,0.6467929953462387,0.2607708175742917,0.8990860765377258,0.2045713256092103
-2.425527142356845,-0.9183056287119995,-0.001324574528543548,2.025724372439431,-0.2295319510902888,1.156834501848931,0.02104052348855388,1.32226774922589,0.6358198132381326,0.6542083971957738
2.247959851060148,-0.4222210532819421,-0.5045975150591437,-0.2544489888684732,-1.550978210878673,1.790062041372406,-0.5204088873823577,-0.7075103439896028,0.7027484886224713,-0.01945970489882153
0.002142863599564615,1.917553202599546,-0.005200873459189738,-0.04925729880032002,0.1182293002158197,-0.9337272475748674,-0.05040683482266157,0.7211765056813954,-0.06868570723571316,-0.2429786128153223
1.89540043524506,0.09364036970885681,0.04549898324655814,-0.7326590904958962,1.150459517168466,0.9997300621285686,1.639613479227818,0.3021253971436058,0.02937926693830701,-0.001644334494509154
-3.091037385196978,-2.893774299442021,1.552587435024543,0.8536797116435015,-2.145864686792271,-0.8035920478666119,-1.110072340117742,0.2000561678867744,0.9410527653496561,0.1002896168301781
-2.594713812038137,-2.649947261863171,0.05471755047451473,0.1515600574701388,-1.021615879401804,0.2898692124226113,-0.7720194623430212,-1.664134805582986,-0.2829314187820162,0.2615606974479641
1.005916250737863,0.9986531799050886,0.6051365719445383,-0.1084118397438013,1.051255863025561,-2.333663337507105,-2.456864792961762,-1.15510327827249,0.511818711444194,0.3547418232210348
-0.7204263456443883,-0.7393051699820271,-0.08561400595170095,0.02075971199798952,-0.3841290134360612,0.05608606165661405,1.554672587200881,1.685771031293984,1.165014552940941,0.02398186096621642
-1.38689555601958,-1.352026868502378,0.7707627080047099,-0.810359300227803,-1.132175994965446,0.004353936955948147,0.50562797627913,-1.116604948273796,0.6867935036200083,0.7047899192440444
-0.3946850234564317,-0.9753647384084737,-0.6917617016993647,1.208845761668575,0.2003484035579562,0.1093420722479982,-1.358354614693547,-0.4715015425553275,3.228930588905224,1.602351237587872
2.484138036814762,-1.023473833844404,-0.5789696398779761,0.1233886407302066,-1.308393576805487,-0.2923083665373911,-0.09814019664188585,-0.7869894139658978,-0.6652372828947913,-0.6471144816566157
-2.239814251600055,-2.50000776419251,0.1087184254623511,-1.715419041737558,0.7810646905438251,-0.78850669923284,-0.08228303602418757,-0.337078000252735,-0.8933093672986187,-1.333539987593279
0.3713286605295237,0.1826673889345385,-1.356689711421204,-0.4695019650393437,-0.7179399282039989,-1.606818048024677,0.8472885921589726,-0.002452955905616147,-1.792806333485841,-0.4544003707977762
-2.111875245682791,-1.299815698828142,-1.089895044907748,-0.6924256921888844,1.155021252211867,0.1705823314882883,0.8433147225737069,0.2343432279205171,-0.269765554183661,1.068280487218047
0.4884590073939401,0.4908910796174168,-0.427212303156191,-1.244185444685321,-0.2005463705786197,-1.48233118500731,0.1062920613428628,-2.049825403046277,-0.09045380313643638,1.829328500472998
0.3621094660169684,2.360433935350834,-0.7829523580134236,-0.8493088784078515,0.9616817311787191,-0.8146836794897394,1.061318210136243,-0.01097419778564751,2.212801105755764,-1.292669364666109
-1.900596435134672,-1.954437085758902,-0.5701307543654911,0.06809549865256076,-0.120894749061176,0.3749076742156668,0.8876562924671929,0.4614370268476501,-1.70335435237755,0.4280451858254614
0.823971993816545,1.464212108734508,-0.4703783704032363,0.2649187395329808,0.5043218259252125,-0.544206339847403,0.7466741163255532,-0.4513304659821292,0.9360419811932754,-0.4311908652947513
-1.125632994229007,-1.090345957575116,0.3268845029543255,-0.1718002423122137,-0.03718823303749678,-0.755545254989523,0.170321258435131,0.2622252047475515,0.1754168586892005,0.9546256488900577
0.6015319071457881,1.514889028366591,-1.266152095846974,0.1343101224273892,-0.2131544539189761,0.3107689968598929,0.1906872299278254,-0.6037525807634282,-0.2396700825645512,-1.012748182751464
-0.890918158476341,2.81994787976545,0.233032403693579,-0.6353713638472559,1.130938054056644,-1.591180474703455,-0.1404261868680262,0.8695281380963865,0.9719848173157349,-2.633191312460181
2.161254133032622,-0.1788302364586134,-0.1399782948231303,-0.1049743540186789,-0.323709497873568,1.780716446632121,0.3269482223065198,-1.521402034408152,-1.709189630592475,1.803692686037395
2.13125585851945,-0.9387370540814517,-0.1858049833827578,0.5980822634430267,-0.7042445887712293,-0.6196577362984773,0.5323220738548012,-0.7806849276058685,0.3401566437624503,0.7995878721573982
-0.6394712818690904,-0.02864686380546833,0.8816972791247764,1.252349051227073,-1.066189172934362,1.290019529820771,-1.022544664086279,-0.7727278784050305,0.364012337224326,-0.7947448262208019
-1.38089691932173,-2.134731333645358,-0.9783285334161591,-0.1393856290863712,-0.5389089969247423,0.005146762002594704,1.518897290082164,1.095342266854256,-0.6112340938559866,1.927178416421882
-0.3031568338707633,2.162995482246119,0.8438812756027274,0.8634646789014904,0.2187140680823107,0.374916744305999,-0.3643186024771453,-0.1688739116227249,0.09040314347726053,0.009707796792047531
1.021294551702542,0.7557261270649305,-0.145148221752644,0.3298423291149514,0.980111013960438,-1.131497322047538,0.2734395501022264,0.4176196724316599,-0.1524766518672211,0.8740029301516438
-2.672117561767075,-2.345625738967419,0.5231983353950559,-0.9372618247515913,-0.8926985865230188,-0.5725685238001363,0.06380393646156524,-0.6641354859065435,0.2098747552513121,-0.2282049997781938
1.04984213906151,0.4083092453080079,0.6943704113854576,-0.01494448656102121,-1.286309944334923,-0.003151518642428845,-1.585157905841577,0.1241528877530086,0.001746699729356132,0.1352606067941245
0.2382949134628091,0.4326066257835723,0.05652480247538942,1.390189754021983,-0.2301171122234958,-1.170007207808081,0.6271879246752737,-0.01583428842391483,1.648558750520361,-0.3634554665456833
-2.553960195330602,-1.24314301103749,2.643558584894153,-1.322318667272826,0.4808615269342694,-0.2350680495433507,-0.7420142385287836,-0.6577116192785718,0.1728496083269716,1.463595675406812
-0.2854509012527187,2.034865962993803,0.3943286659912152,-1.014697281688956,-0.6395356020232812,0.08371895090399535,-1.123835072310867,-1.050033605212634,0.1359485038765099,-1.305685197739584
-0.761915036584992,1.534826676381172,-0.2964536878705041,0.7032154017150173,-0.07728723980285936,0.4417839301732415,-0.2082341134482586,0.5423901669106505,-1.09446152590287,1.628560537249571
-3.324922874637448,-3.233879062150301,1.250660079674562,-0.210221757123745,1.535132186128774,-0.4187377755123453,0.5587564415115296,0.548996171147755,0.3365036140949229,-0.08741028796335222
1.5104969950466,0.3363685559288914,0.7244893153363372,-1.361614850465187,1.145125784360239,0.4935888788546356,-0.7882448043095338,-0.1205040138180401,-0.01111980126986551,-0.5198278919545855
0.08483882343149807,0.3233093977279302,-1.341770115003416,1.069898523844183,-0.1653379484737462,0.1073351872009555,-2.142629189448902,0.7384231280694161,0.6205605568350867,0.5416247154215503
2.64276118009046,-0.5083677816934924,0.3452352920463043,-2.111881161411763,-0.3480171725382576,-0.1235619993456873,0.5158104665536473,0.3576258256115817,0.3833291520973818,0.8530265232639768
-1.32267264251751,-1.878776426694355,0.7089874990264274,-0.5598460173018251,0.3303948219900101,1.248180318257782,0.7526661960229655,0.1987548404507014,-0.4378483687276519,0.2276386583801136
-1.394981259332787,-0.119910878581029,-1.361696989594844,0.7982699419047422,0.8392700545215382,-0.741872352283524,-0.6857045336988162,-0.9463707012173982,-1.016143616071865,-0.9169071292529953
0.3848739320759902,1.162902539528831,0.2472442218875845,-1.716341205974402,-1.368139632685959,1.794097694628452,0.2646355154875615,-0.2045497478702049,-1.209971698520226,-1.175120119652859
2.175231150094828,-0.3155677724982215,0.757302345569743,0.2464226993513446,0.4958182689007105,1.730493141993269,0.4693840898906039,-0.6783573664684699,-1.326541330218488,1.4354306090863
1.476550199886526,-0.1797786770739289,-0.3813818240848499,1.193121929671374,-1.860019250231943,1.782374204125203,-0.9427264499111112,0.2530898899130813,-0.171642600675273,1.610199788829432
