-2.898095233914315,-2.389551070977946,-1.98520529736381,-0.3320596692938988,-0.5145609244492915,0.299008812951326,-0.9856482486704364,-0.1668707915006997,-0.1170206033914528,1.596888243750482
-1.148482300972908,-0.6890842524633956,0.2091045626636688,1.225115216956964,-0.5664918562886816,0.7320055744433487,-0.2612640282485958,0.2862964716015187,0.9497368852018526,0.06365841991333741
1.465350036224374,0.4360141750696561,0.695220483162206,-0.04311622875453892,-0.4570554443207401,-0.6366716311023592,0.1140048955837433,0.09181420895152943,0.7874476952003987,0.9411248355127599
-1.676434687496309,-1.434185055711436,0.9449014170533774,1.646155884500905,1.635704202095506,1.230368363238272,-0.4159616836971352,1.492880837111689,-0.366471943536329,-0.3969811453406357
0.6612472310127713,1.359026216187772,-0.1931486661417505,0.0761553777247243,0.3741327817037007,0.133610744632336,-0.406095065061171,0.6012759313646511,0.4705515045119465,-1.06020046693938
0.2167939548236416,1.273387912941697,0.7513579891162686,-0.5620495829378684,0.4707563518173649,-0.1479650197541068,-0.4411693330912042,0.6818668673292212,-0.5654667279334118,1.283920555954663
0.3430862292706018,2.771750499206479,0.3479121327860175,-2.397377049454382,-0.1916228167112975,0.6875305504366637,-0.1253507211062656,-2.650045845034552,0.7619167677564403,0.8609249146552977
-0.6777372879626924,-0.7291535456642299,-1.256435481783205,0.3237986867537651,-0.6849107861160806,0.3290956789149583,0.9357329568502013,-1.307469245376155,0.3400477502899375,-0.6193488802254673
1.650157539766004,1.862751369078495,-0.4075989408337367,-0.6357074168072513,0.3256730742621431,0.4548214831928677,0.9532299644907455,0.2218169048779748,0.335632254538867,-1.230739899867281
1.119668321663697,0.6294749440383068,-1.747769491843938,0.5598950453274401,-0.2356442799588965,1.047608984621427,0.4451338458142444,-0.5615347357007514,-0.1838006442187424,-1.81365076577705
-0.6043311141906417,-0.739320849945438,0.3321337035065833,2.091607638183607,0.8610660255559492,-0.4544247346383971,0.3454225921204933,0.003798000513115887,0.118572287005686,0.1491750946561459
-0.7719723912807623,2.560707562227651,0.9432443534132969,0.5622180614723522,-1.400141860139974,-1.455360674012253,-1.723599197302052,-0.7821047272183074,0.4551601371791177,-0.3013663636004708
-1.640020499306357,-1.45728514480576,-0.3692929876588565,-1.577926749481868,-0.7204049090255576,-1.190280074509018,-0.4543874885614125,-1.157766636619547,0.2837051641636041,0.9845628420681941
0.450027540068585,1.623345384109459,1.142156113298515,-1.157621761500535,-0.1576050256750046,-0.5076350580610881,0.9528939032799775,2.445259062246645,0.3380760457154176,-0.5714390671990507
0.4290483783766348,-0.4403476571757413,-1.289392593527324,2.389951836306797,0.4089378410991432,-0.09035346426411786,0.6875563123077409,-0.4595805720912856,-0.198100850751411,-0.6520789242891423
1.400867689637523,0.5758168896119912,0.294179209089059,0.2816449619792091,-0.2849404244944483,1.14388918386496,0.4690041082690495,-0.269776523606212,1.065598644673895,2.215803229155934
-1.692365058403062,-2.001518035822598,1.826279275906856,-0.1131117740308158,-0.8677293640938843,0.6849161800825899,-0.2933173179703061,-0.1927069396338422,-0.4493130757233222,-0.2683867152183483
0.5699281705790895,0.9436307022446784,0.1977318364095188,-0.3954468895268407,-1.118931815980435,1.372179949780866,-0.1585527649763367,0.3203260007349231,0.2575858564277418,1.870702363648561
-0.6322845619392198,-2.090633238051034,1.041846676435261,-0.1628826178144429,0.8986630676136831,-1.476550982993988,-1.978825199729076,0.9655013383060704,-1.880945562598621,-1.466799145479144
-0.6398408370377882,-1.191193706303876,-0.1240789697339112,-1.295806532274752,-0.07175951213711908,0.1196936634722707,0.294596877926209,-0.1059441364326396,-0.9300383607067302,1.070125383009639
0.3217463485872447,1.689473126727294,-0.5169647149992475,0.5218763779974867,-1.81945096921125,0.4560977752664799,0.6715566488818506,-0.1140820286381962,0.4388065722209046,-2.166609613443961
1.650735284915949,-0.05846620667900204,0.2207363013524314,-1.144753672360383,-0.07468767781339673,-1.830471440825207,-0.8739352120507874,-1.037847205745499,1.861490660796563,0.3465248114772717
1.499640559375288,0.07476941193338571,0.1006722966141235,-1.3023027987471,-0.8434381044404753,0.90203774867366,-0.7452600751244381,0.3815712638364414,-0.04495304564937155,0.8533520567395768
-0.9882580381828767,-1.059573985403385,-0.0261314191393978,1.182618335919715,-1.705786550537561,0.2650641824238427,-0.1764051114561919,2.345311560808769,-1.82518081108445,1.41430374219146
-1.650864286664422,-1.225674335209698,0.8605368100809366,0.2916857735608241,-0.9991509962407792,0.3468124069019636,-0.06144795451818499,0.7212190680100532,1.327903744659782,1.115573266090741
0.06395084757957004,1.543821627193772,-0.8598426233595067,-0.6205838299743532,0.2553500539856811,0.7173676678364733,1.274696848302931,-1.01910428366991,-1.349490729363458,0.2300021737228556
2.09289452575702,-0.6054762552333754,0.3451954841392736,1.709555165718088,-0.4574534764858528,-0.04586460577535776,-0.1269187425078374,-0.02175277324695579,0.4010766001426002,0.9632234844909058
1.197962246601752,1.626080728201348,1.143451729617527,0.5777708239064159,-0.7835770827259825,-1.973707065205021,-0.2563058219927797,-0.4008276980856501,-0.3393541142518008,-1.156033006447367
2.339926883978231,-0.02770282932811341,-0.7588886318133152,2.692884249122755,0.4310674216938221,1.253198245915724,-0.09082786527275266,1.476458710659881,0.09606791361654406,0.5066378509543454
-1.067304456700737,-1.224625153439155,-0.2418090781336367,1.002336166370738,-0.2073096248774327,-1.968842412182561,0.1087899799098109,-0.2582733168921864,-0.4451085826673451,-1.267448248078817
-0.6795082031296172,-1.518469014210181,0.3569097786076847,-1.030477405596284,2.546679332145702,0.1182127097186814,-0.7954897941180143,-1.129265177898277,0.5565598927052314,1.332717236090334
0.1275282768034093,1.616558525950306,-1.121339543729967,0.7068491980877295,1.171962011327633,-0.440395043631145,-1.073338041398444,1.032774520093337,-0.7192959399050012,0.6263014584685854
2.304849779076671,-0.1208658358365018,2.028995444397358,-0.6564531047719158,0.5079586137714117,-1.316365794453533,-0.7107555535061054,-2.166817125666372,3.330584999445135,1.074259311977382
2.102333009295515,1.188019575158875,1.739693660836978,-0.7514039185076923,-0.6400853377089221,1.750700220071472,-0.09076917142561226,-1.555608629191944,-0.3728544355106655,1.047621940189704
-1.635060982201127,-1.527338362108099,1.266990292584212,-0.4863121749942867,0.378835176105465,0.7825232883705701,0.9247393069491791,-1.679268664771876,-0.1191885855408761,0.5439009013504423
-1.299862687546793,-0.6911231723862552,1.541740702226903,1.269123348651275,0.5816425989856872,-1.005650158705335,0.6542213994673277,0.1098243527285958,-0.7347375263021456,-0.03190483007231278
0.524631748783903,0.3515416975234344,1.228916948024231,-0.1339037753990978,0.234424007981446,0.4741369750138488,1.30136559392358,-0.8790021276802578,-0.8221521121194322,-1.51322357860548
1.94227565958394,-0.5903141827824356,1.232882474755844,0.8400375071029055,-0.01454956239027367,-0.4709146146686966,-1.742600742390469,1.325808567258777,1.718034129316954,2.482677041332422
0.8115634472954021,0.6290074171373277,-0.9311035061237338,-0.05505052250130739,-0.1703810472575633,-1.17433530494196,0.4695408550091314,0.6078671219401989,-1.006283849705811,-1.199149221251127
1.679496528051774,0.2667546476468045,-1.058176043342317,-0.469938545885313,0.5928356915286037,-0.0148889686424197,-0.8915407571176656,1.010391615966971,1.14095999850611,-0.5559072428170708
-0.1416330602929921,1.156305357113484,1.368895506026407,0.1461083418120219,-0.8631882803049498,0.3156851116016595,0.1467927956634259,0.1823054533259948,0.6944112220393047,0.4759973616456929
2.125658032572166,-0.4393894883565914,-0.657244217122043,-0.4110155996511437,0.1331277646806563,0.2962008159922603,-1.728146514583364,-1.13353458935084,0.1272450365508129,0.1939262725464921
0.8353333088439274,1.031023277160436,0.6062810028472583,-0.04753859295991353,0.3984553003117771,0.4572541729150962,-1.600654785438488,-1.015091930069761,0.8627350357305608,0.45321696160044
1.485441157199326,0.3583836067291595,-0.31683621336642,1.793817583181768,-0.5318393516321135,0.3258207977798398,-0.6097959628436084,0.9546722232479177,0.2968850284278646,-1.220023211748268
-0.2283183811905068,-1.9268864755543,0.4101916540876683,1.309234396778197,-1.698474549795639,-0.1255365989226711,1.570453596156874,-1.056674192615145,0.1185747808322217,-0.1716015961323104
-0.7133127583697259,-1.382032865064597,0.4623534905717993,1.118937216292054,-0.9519532736788906,-0.7655996765639036,-0.7153234513875909,-0.09425171703154508,0.5683327996115464,0.5709344825318821
-1.394288090442357,0.717160845329669,-0.3314463220288087,-0.8444506894255833,-0.1814808549838451,1.016919097031718,1.037151260630674,0.1028905773296527,-0.006477588654285819,-0.2459413268149042
0.2668359579892094,-0.5529853544718712,-0.435276284075189,-0.7675429734031792,0.07148110839953645,0.4446854075793572,1.626998071498575,0.8152039113710963,-0.1370389568299656,-0.7851859515691814
0.4691060702793779,2.631620673159473,1.186423615862185,0.1383079826543382,0.4543301081907164,2.324657675937055,-0.06656763640204888,0.7883134351439793,-0.4299123226464741,0.5458811735319568
2.349570901585704,0.620539327234681,1.677299218769411,-0.7338625807691274,0.3192569675058037,-1.190436819819526,-0.4721676491979094,0.5332595512567363,1.017503914264513,-0.2157585505059953
-0.08710779059381724,-0.1783627690968655,0.05749609390095273,1.505848819922116,-0.3475680658069218,-0.1140166225964512,0.4504233039892096,-0.1530405992061719,0.7034124160132966,-0.1280349794163191
0.4375958322761652,1.19494173481726,-2.978544004343458,-0.6941477422959712,-0.460335120053998,1.075071620874362,0.6541467864899926,2.030994912407936,1.455923012062263,-1.736739704502264
2.03153128676634,1.066885840019494,1.97637906673455,1.583273741710284,0.1313501304675094,1.36479588730595,0.336119621999741,-1.06160602612126,0.9537315266501163,0.7768078395813859
1.872793271573341,-0.4821500799734009,0.696878623312997,0.7632971777774535,1.553913166647294,0.3393040584296698,0.281283422562518,-0.9338740728041799,0.3608960232869557,1.556130662209001
1.319552913532771,1.449803558283596,0.2800742270737273,0.2219380544218378,-0.2138467620286843,1.267781171141917,1.333635071888996,-0.7199725678268446,0.5847288770915984,-0.3630249840710783
0.01821648915761998,0.04420365514461366,-0.6440233799479591,0.7780250488522872,-0.8369012966398123,0.5497101325213524,0.788261209618102,0.5753798392361382,-0.2558520843546285,-1.65880520388367
0.007882102022495396,1.629476214329431,-0.6049474253164064,-0.5533197207497498,-0.4520414245013743,0.248261614820494,1.077193088557604,1.523186701653521,-1.207402673126252,-0.3347998761539281
1.498460714282511,-0.3970103955068565,0.4990489206506176,0.7320179844754451,-0.3596898479722077,-1.265754005978191,-1.726407045828787,1.320989881656577,-1.997634940367014,-1.53156788231229
-1.909180686155036,-0.9466969082520295,-0.5623473855800711,1.401175478428476,0.8813170653204903,0.24015107577373,-0.2371892373778176,-0.3842496778730419,1.80872263661243,-1.488931051595761
-1.56428698943452,-1.720919961514322,0.593739825988587,-1.089586323299926,-1.49987540945822,0.1580663910655769,-0.8745299527788981,0.6180402546340247,-0.2741884490751691,0.9932616223660891
-1.15847040881966,-1.934804600555962,-0.3104969184634969,1.497098332611348,1.108966782420839,0.3832164525050177,-0.002174107694574429,-0.004989441685277637,-0.2178670284984633,-0.7318418785456031
0.2782381897708049,1.518983561398969,-0.4919061305091778,-0.1657456776178113,0.05188520391589373,0.4971780717713165,1.16573700620416,-0.4171530867800366,0.9168640561417519,2.092066848445503
0.7541826225027575,0.7879932381049961,1.707338203889399,-0.1402390847534761,0.706213422777802,0.9849598699791816,-0.07614059775709345,0.2620577153508024,-1.217469718025888,-1.250426574961671
-1.45279376863582,-1.09910165316382,-0.8065746285998009,-0.991384698940371,-0.8456151863587251,-0.5649155900646093,-0.7026643322083977,0.008841249851985325,-1.882985973913312,-0.6833522501707255
-0.397231608313355,-0.5341184110785497,-2.366220671741869,0.3311624178501907,-1.243110112007124,0.6194992438620971,0.4632039250876095,0.4317251468361454,-1.825200906406002,-0.3073186036282683
0.4362386276135343,1.177662205879468,1.440339763545535,1.257595747148269,0.1440094061876842,-0.5313077353478682,-0.9286902912167045,0.1920754508112974,2.635533396520934,0.2115885993744711
-1.615905591466678,-0.9083362937803646,-0.5222322453481946,-1.238411231200664,1.314391884419962,-0.5025996184255725,0.989451686972913,-0.5658461942476709,-1.167965911317484,-0.4905632835818803
1.212596291466831,-0.2049881497154395,0.3615931140622944,1.205194999595752,1.84694871774859,-1.747387720534013,2.021491437444683,0.05664875220260367,-1.427542107071435,-1.321763978293132
0.5071525492212631,1.175091971606673,0.138022894446564,0.7411655799054926,0.8234466032038029,0.6610834472411077,-0.3783591343577794,0.3728135979043093,-0.01293127933099024,0.8670830349873687
0.7559262062920731,-0.003172273280662941,0.9104692554924675,-0.8861056113884773,-1.088832870247468,0.9602901560877529,-0.6492886937792915,-0.7637044241121629,1.068321993930876,-1.536362920533838
-1.166568098589962,-0.7258044154333486,0.3134303482575351,-1.087041372316112,0.1141157087913882,-1.846684085272865,0.8416448389475876,-0.6470039572249661,0.1758175355482028,-0.7837151691090768
-1.541531151645406,-1.366397947009677,-0.3339947806893953,0.5764855560962698,1.273555499138802,0.05925665569182664,-0.5237651499505975,0.04823510308276708,0.7785545000846421,-0.3257709076613538
-1.895748409008844,-1.948896631671206,-0.3322461106473388,-0.4212930232189511,0.9823886119144305,2.663587805003619,-0.0001984751350939027,-0.3153588155571928,0.3453986086296162,0.5743430007436364
-1.082689537059447,-1.034337926965009,-2.162310352286902,-0.4475189791915938,1.553216315352656,-0.3652866817156816,-0.8723567568784008,0.03150055986607776,-1.231905687421395,-2.493247071544733
1.04673787195735,1.113280158029365,0.8063632965361699,0.6242570377450321,-0.7664851001577001,-0.3265493980920846,-0.2518232777813095,0.277388200129363,-0.936747952259017,1.094457428001466
-1.886344521891101,-1.716380804015169,2.059633208838666,-0.8223840830571871,1.902492729051586,1.044222456589872,-0.4379868233094436,1.326611551401476,0.5454285039525786,-0.09205571636756299
2.909913390711584,0.5077811161384889,-1.229140421500325,2.131499729747325,0.8369742504322356,1.090049088205759,-0.1538497021806045,-0.5148325301697384,1.438865186519224,0.05907527549966203
-0.2285651069820466,-0.05198760714653861,-0.03994165444607593,-0.1556435984325795,0.5009034577012369,0.4573207771179998,-0.1153302526599689,-0.03044257342476616,-0.4171322644733141,-0.6212486071141983
-0.7962221485365137,-0.930548135714297,0.08747292826356909,0.3077505365249818,1.215922182337763,0.1625964211371311,-1.408839472790493,0.2202934917698522,-0.3447923619396288,-0.5773019487509853
1.492203740278357,0.616553456695329,2.357318466834864,-0.6994805103644737,-0.2271416071425954,0.4379468689833576,-0.3603218365394838,0.7254524104135626,0.3460399136249411,2.499656153835268
2.100619889334106,-0.5207429448445711,0.9218744254191794,-0.5009233980538244,-0.4712756891972111,-1.172554499896679,-0.5982592484214716,-1.486402334023405,0.4488367466503828,0.04226120054162745
1.886427949093716,0.3417364240492222,0.009505575214982968,-0.9198260454815321,-0.07264128972024417,1.497394054403625,0.2388616113911157,-1.276944630763032,-0.5764917577104257,-1.077942910431689
-0.5631334247335913,-1.071217307001163,-1.873024877129877,1.168691271379587,1.548356191005059,0.5902485223238582,-0.2987578631654031,-0.396401992535159,-0.2906681445747659,-1.303771640626941
-1.695221275739044,-2.710573793213314,0.8252507452467386,-0.2836857090580919,-0.8115254596795457,2.117040661818305,0.04420201293642319,0.2417091128070072,0.9716389375435452,0.2116570956659517
2.009333257850393,0.3337552638512626,0.3775300259923891,-1.628010773527557,-0.7475762176852034,0.1306921576224645,1.661085391843463,1.534237488961656,-1.040303435981174,0.00196290731841461
0.8378448883929278,0.8455974208665449,0.693361432823933,0.3676079538443506,-0.5085202164500208,-1.598119743787426,1.845205007397535,0.1778772816146295,1.110109646949122,0.6925328204044883
1.323012160447763,2.044066890249262,1.004411364284749,1.414432228409321,0.03592442408755166,0.07923613019906586,-0.5242048315829021,0.03723259107838313,-0.6256999105046792,-0.7217846914049191
-0.1891737466333208,2.11397370948048,0.3343865234016309,0.3508016273418015,0.6971621963851895,-0.4959388235154621,-0.7804729602795553,-0.02534686541563365,-0.07557585361149588,0.2701267341989687
-0.1561835623905172,2.652526552085138,0.008565092910932269,-0.9698999418966217,2.203528462584127,0.1279465801865153,0.2747341045480893,1.252691531751097,0.6776562049832077,-1.352116974258824
1.338158085170627,0.1552296506616466,0.8556788627483002,0.8760008518460273,0.3369283123924188,-0.1961227232885689,0.8973737052050486,-0.5406573295670072,-0.2039667054286813,-0.2887174188554261
-0.4053232900247755,-0.2903210155196467,1.375259510665675,1.007141401119071,-2.459903161656114,-0.04070541580379794,2.061480465690744,-0.9012645676332868,-1.479528948875982,1.310581346357203
-0.6862184567067233,-0.06387975637845122,0.02636060318578185,-0.8666166336522447,-0.1323322745627704,-1.461731584410228,-0.290128384322202,1.043876155310379,-0.6584612930966274,-0.7601216938448835
-1.551451619563213,-1.096764228349546,0.7499781810739602,1.235369532707659,0.179780786008462,-0.6159965547899656,-0.05061671874984822,-0.2197624804913604,-0.1738236036152914,0.3077842704460503
1.275066075340418,1.498809808181202,0.9426560223308902,0.2498686991932818,-0.7213574825909953,-0.9514133624714053,-0.6657424295987758,1.116947919468708,-1.064746522092762,0.2128702573019373
-0.400326758274269,-0.7059411176131768,-1.352695338915951,0.4039255407786971,0.641267052128047,0.7280870340448407,-0.4348952350051145,0.03869049281554302,0.437384939932077,0.6500685418525294
-0.923301061146102,-1.673698167162393,1.276637412750861,-1.340643878818035,0.2309127264565737,1.185631353442297,-0.984413066772079,-1.355258876476104,1.386659935185991,-0.7425699282438851
0.355807874666205,1.317091727011761,-1.447286497487084,0.9304010819053187,-1.066977132405123,1.164347789837775,-0.1209667499088177,-0.5651109261724598,-0.4241570771779417,-0.4698062873577207
0.1574296594202271,0.1485840700281573,0.2987279457660127,-0.5877609653368941,0.4241068908140366,-1.22825856654084,-1.730379405572734,0.08075152246036402,1.625466213257591,-1.678492767179795
0.3617954536180389,1.606020724027677,-1.479868177779908,-1.02861150968029,-0.6498567216160476,-0.1284787787275865,-0.8771417256557935,1.682322803071679,0.617255113405149,-0.6063826673384011
2.437020709910715,-0.622466058203615,-1.905377815006517,-2.46117845143927,0.2868112010418336,-0.5485456997955319,0.002049150560584133,-0.6857315385890493,-0.1280899046924681,0.7957151849562982
1.954429153014436,0.5067784341473651,0.06983220854978865,-1.037997901219611,-1.253171284466545,0.3421786678241833,0.353636705890539,0.2010805896140106,-0.8161815423040182,-0.9469178793546
-0.9059060694925465,-0.589122137656555,-0.6560842451086493,-0.798312669983457,-0.2539500908580847,0.5711596699466893,-1.103665657438422,0.3431447767623924,-0.005510143813660843,0.7520642948744949
1.760182124323595,1.261571882231742,-0.08900167482990841,-0.4590464145719133,1.711590606750401,-1.308841257452978,1.028160156104227,1.027823883602073,0.3254178355401269,-0.4135462071302792
-0.2709627200675184,-1.24028971190644,0.6626855874893963,2.183821767348304,1.613104155601954,-1.283841489773169,1.368024714645451,-0.4647909371508842,0.3557717859711021,-0.2076847936387943
-1.111471424402001,-0.9754292216404749,-0.04480207721394186,0.4704055097324754,0.7310158411195816,-0.7884927408812406,-0.2532307243256121,-0.4510124954447462,1.824658948142288,-1.588404635609359
-2.103599340634507,-2.379067445871481,0.5677032852235662,-0.8186243484787077,-0.7101250821293826,0.4254220660907166,-1.577016109505132,0.1464054924583282,-0.2878805094507054,-0.7490034810453812
2.102376159690328,0.167609285934168,-1.239045479045431,0.9198154112391285,0.1509365247027964,-0.7693246875637515,1.626449133575503,2.361924374432637,0.6989119190719295,0.3921335920555172
3.03693710094017,0.4983509448096479,-1.024509991286715,0.4457834400402429,-0.7722960311008172,-0.4789481702222891,-0.03435902316635649,-1.978049332852084,-0.5469306305782567,-0.006808902205263216
-1.435298214583977,-0.9673456473057187,-0.7983913110053582,0.3753599896512502,0.288506444611504,0.3025549102821981,0.9586329138289232,-1.288094373881421,0.04852866534090944,0.1046965230869493
1.469864798695909,-0.4316485420534213,1.413900768346914,0.03773266832548269,0.4392805775037441,1.426476732566162,0.361658284774414,-0.2441318240148116,-0.8592796018914161,-1.704972880596346
0.06024033124182049,-0.03889719586775942,-1.294497636454334,1.557026162673973,0.1128707873486125,-0.05600588760887674,-0.2805560329727316,0.2645240013134417,0.8136184924765152,-0.499482504387581
-1.272025959648583,-2.172587845593554,0.4323756118109725,-1.934262166226454,-2.686286220342795,-0.06055090687790458,1.934769207671349,1.065074110517283,1.877513773712391,-1.358958042917477
1.695916359954407,0.5344427080828162,-0.7384617352714624,-0.3488457459658938,0.3421426103264698,0.6550806168850591,-0.2051444521710955,-1.305257380564898,-0.3921717266201273,-0.4679087294437107
0.6670307923069755,0.3965312682909115,-0.0639658372731242,-0.3258329262098744,-1.287476203065973,-0.2315607546177264,0.5107884281601764,-0.02990401336917431,-0.1846954135936748,0.9338687095697819
0.05117012263349896,0.9085661501639278,0.1724302762205187,-1.328395111138122,-1.137789385757429,0.345703163444325,0.4531330760456146,0.2456336694222626,-0.551777870097639,-0.1018732087911973
-0.7915666259748833,3.484960019954551,0.6846023846511053,2.200021478016473,2.90950916042621,0.6606313879689328,-0.02537370770873457,1.308206517921736,-1.157974975240329,1.557483431789157
-1.754827866709901,-2.368611220190282,0.08960349998459717,-0.09831089970219645,1.647926854600808,0.1033787850922047,0.2941728413381314,1.244186060231786,-0.7637930833967422,1.285848918345247
1.52798025409362,0.9489402740347145,1.151372070144853,0.9143494593854858,0.01813354885877971,1.199512307584568,-0.4402119133238107,0.1615317437031093,0.5352272826020974,1.375268287571513
2.598405885423754,-0.8343515130263461,-2.52453494588188,0.5685727365007456,0.7533096360672827,1.253577956647452,-1.724679052946715,1.829209836252871,-0.7390157789361951,0.5341778458917241
-0.7798068083763465,-1.16504114442472,1.092592061916827,0.3869463845453552,-0.3048571847515877,-0.2280282805706677,0.5167275201988848,-0.6558162933860434,0.4883510803297843,-0.6199898469669437
-1.396923232421456,-0.9119533979315904,1.459282139680454,1.295868294955961,0.4621611395948114,-0.2133936534180234,0.269995858556374,1.02402482895248,-1.441732951613006,0.4261317202412407
-2.868346907273525,-3.209311692880283,-1.391248438007471,0.3480205021195479,0.4868297478794749,0.6626508377650889,1.533758140475015,-0.892936446903841,-1.246822498978655,-0.9247510596051771
-1.255346749413039,2.365905936729177,0.04173290554060131,0.07870006124580468,0.3300441888842542,-1.593998521732102,-1.676006577294421,-2.106292819012008,-0.7271206698119604,-0.3687972233037735
-0.4041561007406795,1.871893483025959,0.7395932426422721,-0.8313674506896663,0.3806104303132576,-0.08604574772981466,0.2619980162628775,1.631854524517365,0.7202780577181636,-0.5413817475935226
0.3900246665621603,2.827461487658121,-1.24846524377445,0.3399682283368317,-0.9233814583651376,-0.8855641028806882,0.4538270764994853,-1.221962741717857,-0.2912720401524459,0.3411991737801255
-0.9188043295862055,0.1080871046671217,-0.4285491834660082,1.537465354858543,-0.687674101357483,0.9641927310736709,0.2875837718889501,0.009690168833214299,-0.7112998505895347,-0.4607019538070041
-0.3539437987709233,-0.210815271707678,-0.6068398176750661,1.326957567415501,-0.6283238937675316,2.398341672473272,-1.008194408021075,-0.1609879311912516,1.247195696111621,-1.009228770981199
0.7316008947712698,1.916393840894265,-1.064474417832391,0.5108515043115529,0.6547007489022763,-0.1653718014174193,1.655789429217092,0.6738664257898545,0.7310767450655222,-1.08513100581885
-0.9812012989021767,0.1535593872850571,-0.290885838014411,0.8576926079729557,-0.4263766619703522,-0.995230725065126,-2.085013112856827,-1.157828994995588,-0.8612703446551511,-1.107440657073832
-1.913856140442743,-1.936578318022853,-0.6220657222840579,1.38498633843397,-0.5826933113419436,0.8581547590836519,-0.1569098765486207,-1.152552106677236,0.07283639257781187,0.5751759289990296
-0.2552846056603467,-0.01770025778637985,-1.757870525033633,-1.004566507966432,1.558157363364271,-0.283016085442987,0.1548786282645472,-1.124072818701179,2.440893169616214,1.385251750826952
1.421068043413556,1.321010865552003,-0.2913887347535024,0.8479586843415522,-0.01936915425986974,0.820975155773298,-0.7023475811710047,-1.455604022439999,2.228081536255082,1.5823160148774
1.276811597279102,-0.1531371077872161,0.4692238605186188,-0.05938135224425687,0.6085106752382717,-1.518860186646197,-1.451949230067386,-0.1396196594128752,0.5243379703966976,0.5388668676945185
1.10282125003881,1.781616191246791,-0.7719319025489778,0.1122191072794227,0.1813291347063874,1.382435835061783,-0.3786759700500209,-1.013996451407837,-0.08974195860745121,1.236020366124566
-1.448870739979214,2.03807678303439,1.585497243137548,-0.71702117416281,-0.537865066093256,-0.1031181296552924,0.9580083148040686,0.2794762844414029,1.944653611450074,-0.588063687899177
1.603201322464997,-0.3665954903296109,-0.5275542910974131,0.268859573674303,-0.273774444044906,-0.01415906994520614,0.10208969429456,-0.686126695141975,0.1422215651398415,-0.7515412688015725
-1.4148256710471,-0.1882410181905716,-1.560150320150837,-0.5085046190937871,-0.008616458850632168,0.9571917685979296,0.2140713862715344,0.1242092313875389,0.5943787667876236,-0.4241724423713288
-0.02371818007268667,-1.624712567936334,0.3463293693083105,-0.7943447470267869,-0.1715587200441216,1.239007180777883,-0.6112194043367669,1.271436706931234,-0.2298549530309129,1.566666762377106
-3.561108857129679,-2.56430150556716,-0.432562976601051,0.1232666904717994,-0.9067536040937637,-0.4591371306020903,0.920293213166541,-1.55270727099177,1.421755129401494,0.2039075764243032
-1.470793147826341,-0.8453101544478262,-0.5698479718482778,0.08034744300293764,-1.212788307516437,0.601985874617365,-0.7267574363753423,0.1390102840939699,1.061573594998369,-0.8696158609934778
-1.716505120011479,-1.111597309973357,-0.02478425053078324,1.082532786264488,0.3982332539136781,-1.381104782190106,0.5178204380446297,0.3981714179853663,-0.358709438250004,0.4994386329244411
1.80621312653268,0.3888864156465389,-1.644007767261157,-1.825464429382398,0.9248121003585645,0.6329759225451985,0.2552972261186247,0.5055453044027222,1.43359171805301,-1.196070309428256
-0.8399640429315824,-0.948065274833114,0.1130276199127837,-0.07139959123967884,-0.1642109311112848,-0.09955278417191217,0.1107750614060074,0.8240671710537175,-0.5289434237213911,-0.7647324491142469
-2.096529187258228,-1.73158090426286,1.567969640842563,0.178595629002979,-0.1571971882506063,0.05369032984008625,0.85703099630909,-0.7334854744627166,0.1357921796055855,0.3548118263185055
0.1461893424407125,1.203825542247227,-1.190598616490409,-0.930755706770194,0.006565076507505641,-1.829996145727892,-0.01774670800145882,0.02016105863666174,-2.206474837230201,1.006556084410176
-2.043381773678732,-1.243119308272188,-1.17191523910027,-0.7471432842956424,0.9526842170982054,-0.6693986403020138,0.2280286809254067,1.020282048403251,-0.5018603807868209,-1.401056786010525
-0.3248723255057862,-0.9913364263316868,-1.796557286394173,-0.2327650079987164,-0.7371862113732742,2.136198518042981,-0.6159429093134348,0.367966972987212,0.04876208155541789,0.7483793455453063
1.874579628289076,2.295657792762216,0.1177683143098802,1.256167810559962,1.34551165486911,-1.434529278420271,0.4626017614246787,1.077398518263431,0.3976018426487495,1.369992591937512
0.3287153767062333,2.242583337235676,-1.44560583291575,0.9856644676509092,-0.5551952188032477,0.7947935432893865,-0.3115639261468363,1.283325068589792,1.738465278485424,-2.474853761973249
-0.6686166741945676,-0.8314625659372247,1.186338215241391,-0.2566226271441522,-0.1071607224990774,1.110024394262783,-0.7838466110743805,-0.2481689447085846,2.169423756155756,-1.776630389207356
0.5138132800907396,1.081633579234349,1.203667787561868,0.7402379548417494,-0.08735719145174653,-1.488370029016311,-0.0327903672443265,1.320300481445252,-0.2195587739316908,-0.4446497586327098
0.3150325809143644,2.23096974451805,-1.961731227203652,-1.536205299423674,1.073617254254551,1.56014644755619,0.5106176553838147,-0.4101712822133008,1.036554246715127,0.4870229584133816
0.2426432165755659,1.617936350881166,-0.5905990705467273,2.242231433706491,0.4722543597474732,-0.8902190124190354,0.5110221049623604,0.6989265720992579,-1.532969594418329,-1.195353544455448
-0.5914952861636169,-0.02193906859625272,-1.091094259610629,0.5267852658856709,-1.485066749650868,-0.3083049315405095,0.005088564037540521,-0.3364274445296129,0.4860461987971435,-1.159382852278913
0.517739555667747,1.975843874956431,0.4109112884041691,0.1223800879421506,0.4121845489839506,1.077427719807636,-0.176893807406752,-1.185888176449303,0.7014696460508608,0.6154121205376496
0.03122981171601957,1.767026367825534,-0.2224845540508042,-0.959886735855205,1.090252577340786,-0.9974519584164816,0.1694712999326307,-2.055807061704,-0.4813652575844283,-0.8571375462584835
-1.058554341084603,-1.567439295639029,-0.5790752570724315,0.9079038581666928,-0.01461395766844194,0.441503893397335,-0.6541421659817566,0.164378221436594,-0.05068648265803104,-1.792727750667448
3.32847954979711,-0.7237858596639737,-0.8748923166342313,0.1091014931813665,-0.2762671926502525,-1.958344948983796,-0.7966599490881079,-1.278549464169763,0.5487164834841709,1.038247221435796
0.426968059538974,-0.5876513692548037,1.164917276393432,-0.729036765480627,0.6677613110570222,-0.06626853115007346,0.9807247540128039,1.513323598121197,0.9524085526184713,-0.482763990762121
-0.7137725273574744,-1.560063879487628,0.4445875883237305,-0.2273116406613422,-0.07836912842490627,0.06553019420563151,-0.1102234852417915,0.4117792430799807,0.7777913204431804,-0.6892155758846651
-1.040548415029608,-0.6935756393477681,0.8984467862160667,-0.2112824810057168,-1.616074341046707,1.257799692351143,0.988930117320439,-1.74518919901296,-0.9420278376720341,0.05735732850865335
0.7559145142485593,0.8289399283981087,-1.100317251948904,-1.323605997553436,-0.2717237474273746,-0.6238256270766109,-1.163413347580555,1.729337440009211,0.3520114853515022,1.006039465324712
2.266785588399072,-0.2900044937475785,0.5970475589889607,-0.01664308347400774,-0.2504329732975857,-1.530145400492525,1.322282993226603,0.8741138455967103,-0.5377914375128628,-0.91752810390587
0.3575367529485853,0.4659143659501614,-0.3231002111486314,-1.283546825823425,0.338361468320092,-0.5746441108500664,-0.2638049214422675,-2.05139705967615,-0.4874086279813682,0.2337117541669808
2.066402234287573,-0.8692058503513804,1.690066582994813,0.1692413106111787,0.6380547399747387,1.362765218005044,0.574249115548189,0.1024787131439252,0.1616054508585575,-1.907294168930572
-1.235532974041385,-0.8637349214724275,-0.2569134090483651,1.495848581120776,-0.239581906155281,0.9274839474408284,-0.6627033489951085,-0.2563797496213643,1.33150335823808,1.247844270040221
1.328881871642155,-0.430751620863266,-0.5911702209527653,0.9531257948441862,1.08341349247974,0.7034837610921862,0.2225549069890305,-1.543662268525734,1.109509047102452,-0.04451654470887368
-0.1105805707485383,2.423558671318419,-0.433042714908506,0.2910302560735857,1.192776006286231,-0.2784456131716801,-0.967776418794894,0.7271605529990259,0.4637749689991145,0.5451062813282916
-0.5721051396301379,-0.9162193256578153,-0.6511134890579644,-1.256634862684086,-1.182369478130952,0.02971799483708803,-1.502625352128347,0.8998636193612868,-0.3515991435800631,-1.434830833015659
-2.463551387176482,-2.157430904857344,0.5815115313619984,-0.866217295580151,0.4452176036779038,0.522313559461281,0.622444973811467,-2.049531488596142,0.8557726176274832,-0.9290312829088955
-0.6037663660714896,-0.7069997977232944,-0.3269308714769087,-0.7614920332090588,-1.888475575358788,0.2216206235439586,0.3135620922777306,-0.4371056423742921,1.323744443124231,1.802870121795405
1.021264603315109,1.655355008636866,-0.5222013381325583,0.894897805199744,1.491476854141376,-1.058401045357541,0.2651047172971642,-0.005335484699440604,-1.061123867867254,1.916593570961899
1.269915728274238,0.2729897358138045,-0.4976639963605406,0.5300158427729176,-0.7118618350441973,-0.5856206148564413,-1.614242781183957,0.2451932941457672,-1.532001987085225,-0.08225618962901592
-1.902474939458922,-1.384755080981091,-0.875131234751668,-0.6174952379705275,-0.9825385850306027,0.539770439528042,0.5692161622434536,0.1948855695045706,0.7032096887295766,-0.9202655814030199
-1.160051271336772,-0.6648633861415741,-0.3676176906268975,1.593821354888065,-0.6103692082998226,-0.6803076930956623,0.4142587011792687,0.7579164601281332,1.476533581436963,0.8313410989173797
-0.3569100789364248,-1.060542978163396,-1.689402186625835,-0.7729818151809936,-1.354239584298402,-0.1508346413523849,3.09544211086236,1.547341090106653,-1.05393486126757,1.370317477376634
-0.2149159651413824,-0.7326702030014873,-0.535433939360047,-0.04071661597878584,-1.419183843255393,0.6839257716322917,0.6211047650428565,-0.2714653115775308,0.7089370565218034,-1.087396637364783
-1.414366464156168,-1.47588286598895,0.1569998147057886,0.3590931222012438,0.936316146764964,0.3742327382233936,-0.7991736599077168,0.1117014910103859,-0.1737695687606111,1.163907648745932
0.7408065600944987,1.169541808821276,0.8270066973996005,-0.3587899706620198,1.546189754135909,-2.002162696442355,1.619900661174677,-1.151096179451772,0.6210934446143763,0.120114379793963
-0.3505299749718649,-0.4217173424368946,1.091160041569543,0.749143082605248,-0.6477945228948293,-0.02658726973374981,0.4839433856897059,0.4923411223180604,0.0736419239097198,-1.016278994827057
-0.3970850344053354,-0.9370458046970134,-0.7527570817007733,0.6384166812981688,-0.3088860198241508,0.5617634925421882,0.9354845969678424,-1.312795790137773,-0.5471644058228557,-0.626459925050282
-2.433600131300466,-1.684828424468807,-0.1908016618249483,0.5728795141983464,0.4879500264439378,-0.4942151366253861,-0.8424113474802366,0.1806132365171301,-0.2289673797884881,-1.338219398776438
1.49162706380721,-0.5442258720270075,0.2379810837673722,0.4235997897514872,-1.48780237649037,-0.3972319895495902,1.181927186231577,1.307016461800319,-0.6506394578942719,-1.520813357884191
1.314783925960366,1.535632966398459,0.2144640951628886,0.2848033263884102,0.6970641592018866,-1.406971329523113,-0.2014472625280066,-0.6332682422227659,0.5152165891022643,-1.130536800225882
0.8089072006643264,1.479635197504495,1.129067957449298,-0.6287953615132598,-0.5603617495969332,-0.4603390972985177,-0.2702243397862714,0.5309019496133749,-0.1222599639010763,-0.01053900719549947
-2.207450386200263,-1.016826741046007,-1.385169347415583,-0.4165006721257589,-1.310653635157763,0.6203261560826822,-1.12982857374225,0.147515922933396,-0.9892058779328162,-0.1901195492444369
1.961021603510335,0.09825929574010062,-0.1296059672234727,-1.716047024967159,-0.4687040214981405,-0.1398267812886144,-1.851205907912588,1.343414504616408,-1.834760967982473,0.3621284776195009
0.9246898670180339,0.9993445976240183,0.2645285919562308,-1.622299684035307,1.965257547665531,1.467198682292287,0.6100338685076355,-0.004872489660417697,-0.4861499390679947,1.044525259277242
-0.7853613779262629,-0.8193031207056617,-1.808322202092404,-0.6106488298450424,-0.9994750835103636,-0.4420348764655452,0.5063998517101169,0.1218548832590903,0.6013899964567352,0.6026591001016783
-0.6893782340059046,-0.1220994944408704,0.8147820782446992,-0.5134460433711653,1.172855389565881,0.9331208602545802,-1.019876562213283,0.5318455138086504,0.1598014663421097,-0.2482266217872107
1.097238244717192,0.6274125378625525,1.171767507834051,-0.4851217879566053,0.541662508855142,-1.441908100380955,3.090313522579606,-0.5516708524659688,0.1585139100623225,-0.6454964055484986
-0.306415395513134,0.1089023040333501,-0.8455834758088967,-1.016391288812107,0.03854533202678309,-0.0202535714621205,-2.18573122348647,0.7390802459631834,-0.8539906049241243,-0.7423438723581905
-1.337666712720142,-1.854329363845901,-1.052628200920652,-0.773471362551486,1.238968715290866,-1.048041404723838,-0.9782871078873552,-0.5358356497024025,0.4110333060095044,1.034413712467796
0.7605880576172004,-0.5840812585250158,-1.158756576085709,-0.7072317654907633,0.4243312185823165,1.128639790212717,0.7440953475708595,0.5307501134210109,0.02290318454535658,-0.89801125295981
-0.5709485362888961,-0.4941637155656615,-1.780149358796906,1.320293830951062,-0.9379024602164397,-0.3510141004484102,-0.2885949395609572,0.8362905732213215,0.3116277397985464,-0.3054173102836452
-0.2424882621667941,0.9110375287885213,0.2584743813415987,-0.2807160334265082,-0.3142951271119542,-1.317213810000428,1.847970014141901,1.295886921383388,-0.7358892119680088,-0.6255873823981504
1.091442286911009,0.8315123650984488,-0.9425245721017119,0.03271737860224976,0.9455966983833711,-1.550351365653302,1.18211364448388,-1.23210535949779,0.328050343183217,0.06015165394514949
-1.398863611944826,-0.5796813351310206,0.2090377769076738,-0.7792987053744372,0.4892803677819698,0.4820516192235152,-1.59877929848844,1.147268501953465,1.565035274238561,1.297419364541018
-1.167633325090293,-2.004097056537501,-0.7804866823351888,-0.6326941561674975,0.8679268934653049,0.08555419838514979,1.14987510804968,-0.450086541590375,-0.6623027861275269,1.423834809237069
-0.2760162460260132,1.55626474075655,-0.6774089915348946,-1.014729751909952,-1.455122468047094,-0.948585565673693,-0.5517269358787594,0.7652261586481651,-1.456210718055861,2.251238079111459
0.8691230722862089,0.2692980318719728,-0.2088824550108781,0.7864360175423605,-1.117966299047455,-0.1833712715573905,0.4685216148797764,0.2016656508831882,1.113624454631132,1.097033924658029
-1.045811759161271,-1.282715201598866,-0.25082534549129,-0.06986402696397877,-0.1604455798086147,0.09252817535744985,1.197550104532531,-0.690146722893496,-0.7083979649426719,0.3054292287591561
-1.865786495587511,-0.6838413071520958,-1.123501499312582,-0.5341818372902929,-0.9243786840600158,-0.6196072432192722,0.3829812459424979,0.6158466462516661,-0.8228815747884773,1.996617481788762
-1.90413534727696,-1.94686476886794,0.9791301895873937,-1.024359257432573,1.61391130280902,0.3890302925403624,-0.8821662748927862,-0.8217885627829705,-0.8838571888295662,-1.765890214472179
-1.455895623501948,-1.01476631478781,1.87824013766192,-1.713786480591991,-1.190039967714861,1.264711325269686,-0.7736201201180648,-0.3642519341459355,0.7586836333074022,0.3059878577873187
-0.2304195943978906,2.629185853310482,0.6275198155410875,1.366469917355088,0.7815206428535501,0.150960373130046,1.175594457307003,-0.1854995611998153,-0.8535948688969806,-0.5247805026316471
1.7280194577016,1.279234250060284,0.42102777347578,1.101900361676358,-1.565650523910893,0.3475777456030581,1.087255074264154,2.176406653566148,-0.110605642711332,1.000421837876476
-2.083250160405028,-1.390122850853412,-0.271377197695829,1.58983051057155,-0.6660867279602,2.425649174308986,1.82037170195489,0.9305190452144246,1.718791557059601,0.5337361127580397
0.4752260744378627,-1.047629042956059,0.6568207876532302,-0.9377230843499027,-1.991052342226741,-1.307010002103899,-0.639917394733335,-2.12973910567076,0.6855497833445505,2.207481314388397
1.847993136676632,0.3016570148759307,-0.639623721259629,-0.4061033069836412,1.959331995574537,1.040086181945185,0.2386400308745218,0.2489095109686046,-0.5479571297737804,0.9629296426584482
0.7845675863075008,2.324834877115621,-0.5904527415066279,0.5546373020360024,0.1203653664977399,1.470473077269853,-0.5774241659326189,0.661347711364686,-2.277723871644538,-0.9123969467509225
-0.7690411581152518,-1.631814944241016,-1.694787509593012,-0.5144723102160704,-0.3579555022910919,-0.3523458586192335,-1.221837567894659,0.8772976450281758,-0.4930424968353533,-0.8456835397486576
1.759492251507459,0.008912581490722271,-0.774918685091994,0.8309996935819863,0.4308413104561625,1.548817553471351,0.8829190451765154,0.4190232755775305,1.143575242198607,-0.3102880024156643
-1.519275246119911,-2.060050326392068,0.5432076957936336,0.531171627645441,0.8335053103586625,-2.435356084553016,0.1564591975598834,-0.1930387365301925,-0.5394970883819463,0.2352087795092376
-0.007766574544447291,1.854271703380824,-0.9347490495248982,-0.763580794482481,-1.180644345563165,-0.8983579076789213,-1.369195234799687,-0.9411788736920554,-0.6612071106771324,0.5025589346885873
-0.8491317714861817,-1.303968654220552,0.8147327957730396,-0.9802865501500566,0.2667063882270628,-0.01306882392840041,-0.9795209057787339,-2.469477722505784,1.356309454279836,0.10869432861473
-0.7138676251327631,-1.674069053429272,0.5462136267977867,-0.04730529975628103,-0.687315664016228,2.054749726752936,0.6607859351147773,-1.076305432502402,-0.5198740845325381,-0.6117697133073142
-2.658433452065642,-1.877131170974002,1.896659727697449,0.3347245330878953,-0.5999388031693657,0.6849931793918518,-0.3465593092282467,0.0905956249957995,-0.5812536020460857,-0.3940770994880363
2.073261142485506,0.5360382744944863,-0.004797875984179486,-0.6336291495878741,-0.2117721946938721,-0.9600745539782557,1.591495822162954,-0.7975149939202385,0.04614969044350908,-0.2891423724275953
0.097947389216819,1.754412338284799,1.772843880717949,-2.232368329564628,1.08411948561219,-0.9614644634224305,-0.103840838300451,-0.6816911430403,-1.455026240053099,-1.793111833506797
-3.127096264270854,-3.233081392425037,-0.6159683198584086,-0.5585161010539683,-0.5205164054746148,-1.144696959861209,-2.755394433538561,-0.397826447296348,0.2263359923455409,-1.070356689067896
-0.3798618933822302,-0.7329395599683439,-0.3127045410177451,-0.2152569952990997,0.111057309026227,0.4827183832122302,-0.147476046615075,-0.9291726158356797,1.238674345768416,0.9012981693077313
-1.031125211501943,-1.808479061431886,0.1221628098839626,0.5211398990182317,-1.29035961821864,-0.4825637803235249,-2.191048221076957,-1.860637669238516,-1.136589529043467,-0.957149019237408
-0.4855169085245257,2.93020323686335,0.6005636074252537,0.1466800683795109,-1.626537957617616,1.369711847666464,1.454372120747328,-0.3603029870915461,-0.6004200015968771,0.8204887882722155
0.6790993332564861,1.462408017738547,0.9357915234428443,-1.048598681161969,0.5073296875899195,0.1850278162928039,0.6853962275040351,-0.317511322376773,-1.206410079897087,-1.1270862239753
-0.6218383780331782,-0.7910453530339495,0.2017194114575918,-1.22077484335282,1.015968227187293,1.565688597773852,0.2622853438065453,-0.4192649033070368,-0.3772951493642769,0.1440392862706139
-2.550207077876219,-1.307478408245448,-1.57179232604639,0.1698681410004614,1.424280311349831,0.2021112963016921,-1.510029732038938,-0.3790741638479422,0.3526676349841651,0.1885779239447994
-0.1402475484794055,-0.6408734891237935,0.4745958499393537,0.3331457159615456,0.4013184267198929,0.2346068522395096,-0.5108362059110172,-0.9222818359243554,0.1960177789128263,-0.03657181770182769
0.5105600008079699,0.7861029791443972,-0.2401511131065354,-0.6986667637886953,0.1348286531929035,-0.8270120698810732,0.7369652867375505,-1.373564882523732,0.4566141799395557,-1.002049306968583
2.792678893860198,-0.6996630118116742,-1.022122875770053,0.524913158965458,0.02156430125953823,0.1052227866835223,0.3557860972893346,1.053484602454522,0.008401386045478628,0.04817388427736729
0.7408003154933687,1.354480886773757,-0.9988359589906387,-0.09509748286092062,-2.748723640975913,0.5509299999284714,-0.02937538930299175,1.257680486727771,1.41152366814881,0.1061057701260282
-0.2987317428694862,0.281708327834723,0.1809119380913346,-0.341222099431248,0.5456267437381377,1.720410012295835,-0.8070930439183523,-0.2111102690314257,-0.2808487944912841,1.25511609924359
-1.684904599470593,-1.434874809990113,-0.4126043646373123,0.3756074502334085,0.08196743255754403,-0.6883752152588005,0.4756583437377108,2.608134975225746,1.888341711559899,0.4825382181491124
1.263474783054125,0.529249782196779,-1.016757906248802,-0.8344561512575558,0.1049093173475492,-1.57540912635519,0.4340960073152843,-0.2345314716316521,-0.7168111721758684,-0.1203784844391993
-1.893981662106172,-1.863151242384673,-0.5023025793915374,0.1433277822646113,-0.7522248908132648,0.09902681376116054,-0.05768478661000859,0.7676815489697874,0.4879712926917206,1.609453998823396
-1.667638020677635,-1.617201558603043,-0.008318259853774122,0.4616200708144012,-0.5493155581765983,-1.374433787034605,0.9612212596404426,0.3882093220927625,-0.0684086297068751,0.6180807779675547
-1.710928063812717,-1.282438962675813,-1.904606621185145,-1.918381876114684,-1.008832940401121,2.355228563133901,-1.526983790379141,-0.1386290961727685,0.3662311211993199,0.6264545884987394
2.275403555750183,0.2237086685089618,-0.2309798544033262,0.7034466272233988,-2.240119862734167,-1.227934717755417,2.044141994073601,-0.478442609220632,-0.8634865461006496,-0.7577639010735618
-0.3082957778172787,-1.603221867933556,0.5099038958716365,-0.9842419229840367,-0.3607855038588595,-1.56460993055658,-0.03975144730092392,0.005442304802287582,-0.1263290929304861,0.1663070259679291
-0.5452788070273382,-0.5510961740217233,0.6222578283990171,0.6966045177516172,-0.3566296425981076,0.7520573780054137,-0.1448697439189631,-0.3992689387573397,-0.5988447074439368,0.4094429550829742
1.683742822772572,-0.1322276634801822,1.671262140462792,-0.2467732869627821,-0.9795011891645293,2.078772331111004,-2.010839411638182,1.452252895380372,0.4131294151021255,0.223005932620624
1.262160541284486,0.7759006137449683,-1.598594702909206,0.5762176568856965,0.5159497092485502,-0.3465157744910364,-0.4710079835670786,0.3842415891552412,-1.257417687088368,0.6729690180040666
0.9070469417200769,0.2995866187593577,0.1444777441605783,1.381407728450887,-2.089257025984235,-0.3276936855805238,0.7843111399050762,1.000373502672798,1.419329304090041,-0.1196752438247666
2.37632305174892,-0.6502020980063621,1.668133274847536,-0.4115240188869014,-0.4127512930724274,0.7557649825616737,0.3794463201334544,-0.0618542531090765,-0.1023802143321691,-0.262549095516801
-1.070143575095549,-1.009437711396238,1.637291685751113,-0.8603119420779212,0.01473800619735953,1.093292768036449,-0.007382613460130747,-0.02409472991200735,0.8731130087770036,0.1747847547788273
1.390872723198315,1.307724914730814,0.4061448734007224,0.6824171543523849,0.08404722698175919,-1.064056660456754,-0.9380047090690261,-0.2916290483833159,1.945256854949582,0.1417203306870945
-0.6179899539803753,-0.2378306355558903,0.09245269035187349,0.2948921403090244,0.9210290549811246,-0.6192021662097934,0.9598604632314924,-1.268753685062106,-0.7067064336611725,0.4036478953159273
0.6934149267243133,1.92507063010109,-0.799034552804593,0.9695649985349609,-1.446998808382658,-2.697613584567738,0.6913373355002167,0.803788795048345,0.518330816817544,1.294699338757324
-1.291554401395313,0.6941914806864431,0.5368202531784318,0.3407917491577994,0.1314154869560798,-0.9333982083367655,0.1172412016010395,-0.1696286530091199,-0.09941991013150675,-0.7918504825134742
-1.213196899050938,-2.562669879953628,-0.3615728920554959,-1.119975606353495,0.1801907318482164,0.3671881177654635,0.6051278578510717,-0.2852861737491618,0.7456395680277993,2.020386727879138
1.366599981079042,-0.3454075177378586,-0.7090348181244684,0.136664969902121,-1.065583717650424,-1.078613093117752,-0.1531865980919284,-0.5337972001103239,1.111711455677595,-0.1762695630475156
0.01609279955329612,0.1885475827240017,1.027739957895551,-0.2745656122319451,0.545738785212607,0.2528315234133046,0.08220423523275411,-0.3640545770986817,-1.184645587463836,-1.052298918672312
-0.8654398739014834,-0.9509672445976514,-0.3564070643077372,0.3103389693224006,0.3219247022960202,-0.9143307743853855,1.199754705015303,0.9233738763772678,-0.1239883848409553,0.3301863476946741
0.2694363205990152,1.621841204724403,0.1410097481301619,-0.8726741015184857,0.8231383883151274,-0.8460849305476814,-0.08420526918082315,-0.5833149314010098,-0.8518793551319866,1.396710912429087
1.141690648806633,-0.1155877782577122,-1.122417171002914,-0.9290470875649243,0.5089666179880005,-0.5638566721477102,-0.8694246088287567,-0.9952122784518749,-0.4235787592490207,0.3432171510829682
1.61778479931842,1.049266308650071,0.139905171488397,2.116712667934858,0.7818648172900673,0.2822603001675461,0.8694913443918526,-0.69426175748046,0.3574924308641839,1.645030806397379
-0.6031549010085262,-1.152569774534497,-0.162028031548731,-0.4383651341760429,-1.325959259146071,0.8747789617057168,0.9685190900355773,1.314029894987952,-0.3361763060742629,-0.2562793331946159
1.249060113955261,1.777922284247568,-0.477231951514437,-0.4066400289537808,1.802719740002845,-0.2012980406884946,2.235659025012172,-0.923766754374762,0.3527506074887051,-0.7091746927656668
-1.190139591015834,-0.9641912587417525,0.3981463559336632,1.776408188984434,-0.2019422940251789,-0.8945650563776683,-0.1121081456816097,-0.6570650322816222,0.1894289912187423,-0.5884472101760336
0.1610160251923848,1.605829278660575,-1.155727401068541,1.976814727522283,1.004236668243165,-0.1173769552077576,-0.1545596698526532,-0.3974202832966955,-0.225783237119474,0.06089910670045023
-1.809779244829179,-1.233422467184842,0.6997896066916952,-0.6211770503227909,-0.3542134581850898,-1.280793195629923,0.1800175829978302,0.4205670125431038,-1.809289518707249,-0.2077142731188763
0.6197835915281875,1.396251600242917,0.302344993494876,0.9293020734867792,1.241868281687154,-1.311551364351346,-1.067182704551733,0.4371042941351904,-0.01165166663620236,1.062896350941788
-0.2104661033014212,3.155220566613727,-0.1021585207976165,1.53898379469281,1.487362837189412,0.1118956646859453,0.393344950793667,1.730709936214709,0.3168986855521754,0.690617470849694
-2.389805509811882,-1.683794808935871,1.19709274937997,-0.01051225876516006,0.8251890536828674,-0.9372422060555982,-1.624815749390491,0.07607289818416862,-1.25132403535179,0.4275022988599514
-1.08490508130848,-0.7638945705176612,-1.132206378348348,0.6945194563789744,-0.7061948296757415,-1.138217715755278,0.5195377797319992,0.1077999774201088,0.5177414703285259,-0.7017750506240421
0.7508290699750474,1.811518823419016,0.2963888134685007,-1.473279376925181,-1.521679472588687,0.6686095068585927,1.148138681951736,-1.036353124627338,1.160610460784452,-1.008940227543177
0.2021898078649469,-0.9017459420901595,-2.179602800482125,-1.010911153257019,0.9840278363063736,0.5935069795443866,-0.9040671312344674,0.1850883081836561,0.551277795146171,-1.066358751079531
-0.8109597566395474,1.439444696049561,0.3676312347177464,-1.235697806110457,0.6129168148164185,-1.94734130839085,0.9557562339239888,-1.371336865749253,0.7275673250139738,1.910677916846739
0.477459078406412,0.5397114408420843,0.5972201054347763,-2.218994711297669,-0.4981682153209956,0.3257195297699002,0.3044405166266368,0.2903808607772527,0.7356769640026573,0.06984067359071487
1.328493021763729,1.165347951497928,0.5768192317866911,1.17370316863194,1.00491839356777,0.4282077438790763,0.01980971782758793,1.076416647111842,0.2988047799895788,0.9961052202150604
-0.163244852964288,1.13707316670634,-0.472774429890457,1.0707227391427,-0.2511195516628227,0.7058252315664845,-1.892887455077096,0.5664659705261844,-0.4633123222788194,-0.2765982344725311
-0.6958494720175585,-1.599757284793688,-1.880275106057116,0.009560763577601947,-0.4747030749879038,-0.1880111088049698,1.278415341405569,1.659257619186207,0.6746818689708718,0.6945758159914358
-1.231221927787916,-0.5937522728678452,-0.3369468525195821,-0.3005277933986786,1.834912874309368,0.06732333420459058,1.572216020939466,0.5502822979984471,0.04007098948728086,0.7398050232043992
0.3194740749827258,0.0620122138460697,0.5416344497017197,0.6043313336422368,0.4843669286095171,0.545862210556722,-0.2622993551892179,-1.472696491297529,-0.6089250994928889,0.3404528113350991
0.1014411629108944,-0.7792184548847304,-1.001650144420183,0.1552056338267493,0.5688755587937552,0.5135565828946151,0.2300952725129332,-1.672335094344507,0.8687572301439913,0.5172134328419268
-1.33964666912064,-1.262036530727178,-1.092858518911968,-0.326232899527721,1.095208710995219,-0.08569474963677141,-3.068873492647091,0.095585752663733,-0.0461557809171419,2.027250055765521
-0.4610433242453655,-0.6507946627785759,0.762269279829454,0.7331907836504622,-0.77404140889206,0.9306730031944277,1.597672477849462,0.2346175523047193,-1.998218311768584,-1.349341408260348
-1.955004203865266,-1.752178092602119,-0.8791489418157368,0.5548278149569561,0.7594098118084284,1.062073198595484,-1.092419272567736,-0.9452946566176939,-0.4530660691353964,-0.07281874378285653
0.996445757044913,1.226063740993589,0.06759103177240641,-0.4597469989024814,-0.993468251008932,0.1526620124718713,-0.1857006195720191,-0.6261771216966501,0.02265882121056578,1.013898793181219
-0.1178122130735122,0.4257620299115179,-0.5330639006947255,-0.106983706615299,0.2128350931595303,1.499946536392838,-1.815068372877957,1.193354917494789,-0.3766307480316412,-0.1748482692271474
-0.2601334681395143,-0.001254667541300547,0.7808514628738341,-0.7613508340984971,0.9326027607387773,-0.2396739836076567,-1.426472660928272,-1.125288789030403,-0.9105979728467345,-1.038330683056153
0.06882349304433988,1.132788592137324,0.848372855268035,0.7128994304125176,0.1355983068140475,-0.1208156259798119,1.604434616718756,0.5460555560378506,1.458027580832866,0.7068922173525858
0.127105168201555,1.060184947212325,-0.6901591134701136,0.5323351625714443,0.04190284705527576,0.9473373276005433,-0.7740630000236588,0.9157472561822757,-1.230503611980244,0.2062213747216928
0.3014491662621193,0.1541996342139833,-0.8477960935280148,-1.553720728383542,-0.9442136977566088,0.7834378910202305,-0.4857890342624857,-0.6974262457289881,0.6846211628515911,-1.069173524945062
-0.9296061638155184,-0.3138575753472834,-0.4893319871462681,2.431919547437464,-0.2935724237532791,-0.3804489464720899,-1.405686518436964,1.594878084883789,0.06222793549325862,0.1458282786462221
-1.317345052823367,-0.4863831340361289,-0.5675674566410374,0.2281507597255489,0.3545235591105885,-0.8221263540612802,-0.5435409795756088,1.424666916502411,-1.193622198321399,-0.1382578368227469
-2.046791217597504,-2.384541942843552,0.3083680864096171,0.5279332998378377,-0.1182703657581345,0.7062658756992301,-3.216937807353192,-0.3319362065543823,-1.897525136389254,1.734302992456324
-1.290061014857731,-1.136091068478317,-1.075462352117367,0.06963048933542058,-0.1353465683486919,1.857824350216365,-0.1215404482413007,-0.3732620640335402,1.2462364653788,-0.7269790152764454
-2.708199550740149,-2.470420978349738,0.9282985072135682,-1.152524767840464,-0.6930152301411302,1.047734829074162,0.6439253081439467,-0.9354740794123586,0.8683089369303165,-0.2947293632082372
-0.1931753659169392,-0.50720221940126,0.7842537934543488,-2.786547391917137,-0.1821913926844678,-2.514190216602106,1.417104550824057,0.1383746754295179,1.044403065579485,0.01087476260497824
-0.03248260266944014,-0.980717322440011,-0.8147111632181371,-0.2310402062017027,-0.3066775700469916,1.934847735765338,-0.194776559310942,-0.5631229902571934,0.02181353459505833,0.2396041595830246
0.406704071966185,1.978672429050239,0.7549817368791301,-0.7726312630629903,0.1392367030249123,0.388439249802355,0.7718423786882233,-0.2668298930751796,0.3341624133346264,-1.952007038758228
1.616281945759953,-0.8250777210003133,0.5205156387766406,0.2774567584453464,0.4439105636634098,-1.106499322451206,-0.8236774252799595,0.8216554027475302,-0.3188669998979461,1.067441348756062
1.912314651087436,-0.1892475860076788,-0.1718848057232031,0.2132239093749327,-0.8857083344913315,-0.6159701466567995,0.6681915478960343,-1.207934798683781,-0.08899389147720088,-0.04713515612983577
0.4461692295519808,-0.5678250358876705,0.2977594289265162,1.956806744657213,0.257948995104109,0.7825534664031313,0.1814139594914831,-1.152045689290052,0.5252743981329552,0.9882191997946226
2.100221559286295,0.7965271616677592,-0.8139940607777535,1.168406212032677,-3.078963217553083,0.01289873454229568,1.222163316484872,-1.553776754700554,-0.286834147687735,-2.225334465521107
-0.4727244349228904,-0.264465798981961,1.605060465518395,0.3955641693678773,-1.686517019969812,0.7957195690361542,-0.06345320433014411,-1.037169246196765,0.5038608445454984,0.86026161730378
-2.135804874517845,-1.977527493534769,-0.7542547498783951,-0.4477401645022845,-1.150098077198981,-0.591176286393067,0.9945177794594711,1.018643178888208,0.1320851512203624,0.7405703085478506
-1.070230905468543,-0.4275795695144212,1.588858379626049,0.2360352236640253,-1.325919092913386,0.8066710700419392,-0.1226183824256778,-1.165267406529867,1.350495877125506,-1.122568889695166
0.2847370135052134,1.614039348493107,-0.2851550153797361,-1.352965972983638,0.5332546267796872,-1.360803627975467,-2.178037888487219,-0.2606971640131039,0.6511874118569754,0.3011315137674682
1.091216280066317,1.737410986654474,-0.4113999712505127,0.3287585926144893,1.504536669814255,-0.1342673902605581,-1.231348303794948,1.266755851435541,-0.6691310675146532,-1.312394200976679
0.3354913852336308,0.5990317688051463,0.7712686547931895,-0.3469011334042236,0.8981558768234776,-0.3578783830147229,-0.2155314497917378,1.329508882721272,-1.372861808369897,-0.7493042328464327
-1.274558939377902,-0.9167385614174116,1.342196120156071,-0.2541732855830294,0.2976916193092981,-1.471231058100808,-0.7000251998322602,0.2258091478241113,1.536165919095827,-0.7486439015090355
0.3812351508312124,-0.06561467146566768,-1.351046864732875,-0.149491824937478,-1.121699990426799,-1.777574270338858,-0.4587821782764925,1.256098008520209,-1.703328814252717,1.436185630092753
0.4657881799653055,1.340117555332335,-0.2275381677404777,1.802265548708788,1.08657133869132,-1.033756244118257,-1.550092787566724,2.23770646060684,0.436294948005208,-0.5514238081802432
0.7940878651787189,1.323535313996959,-1.778385221575432,-0.349626899995995,-0.2679067860137758,-1.166445332585606,-0.6727319934298426,1.128251013383524,-0.1741620308422941,-0.3482653715376675
1.28636225814021,0.2464852610929392,-0.4845461031843528,-2.734301273142431,1.020577089709642,1.013883429802166,-1.487341455299672,-0.5322011213563504,0.08263759724038608,0.4136500873391398
1.791608323691644,-0.130091778323568,-0.04081092857657249,-0.1687670327148318,0.02590446454392159,-0.7022808361372299,0.1268331412142992,-0.4525614818948353,1.302881330170512,0.8070097147423152
0.008775042088616347,-0.6069389338896585,2.089711806636996,0.02682233927210072,-0.3743769807362614,1.4778867474155,-0.2095035867866196,0.1860716677294699,1.472619760349362,-0.9113693626125667
1.026589892789905,0.6980005141694327,-0.2279518163450632,-0.1642758075948004,-0.521881084053462,-0.6197756894467804,-1.732125036542359,0.6824973005254074,-0.9795451040250034,0.05677535607579203
1.260977503394471,1.076540800519941,0.1387354101018423,-1.351891832280692,0.8960985173123124,0.3435619840235752,-0.1625376474043599,1.06710768062141,-1.52269553243174,-0.2008482523620358
0.4022101164751209,1.913846744675851,-0.8084082922047832,-1.621173741096176,-0.5192212120606393,0.1533807018457572,-1.557253409742488,-0.5322220434850579,2.113024235602654,2.605765274277167
1.793151508160772,0.4806144477304546,-0.7222402843262558,0.2936221836038439,-1.589741183750734,2.064612632100626,0.3524128927885199,-0.3661049078078838,-0.4485355559416606,0.6953927615496608
1.565484671871824,-0.04887073590459989,0.7572044130422857,-1.265930372724506,0.5545595036881018,-0.1802820878256311,1.588991246231412,2.895951670619579,-0.1194918334071834,-1.20656064534402
1.301428838541141,-0.01734018544534033,0.5830396199243557,0.8544410341801588,1.376903270127392,1.451055597582623,-0.1903657225157136,0.6866086340252003,-0.5061706982277524,1.867604108284915
0.2309016952238547,-0.2218881691156727,0.6712120886710959,-0.03338395688152509,0.1941331692654034,-0.8092988146120496,-0.1195459812771995,-0.421970829486422,-0.9819146528831526,-1.679957078333722
-2.01465244349844,-2.686471185200721,-1.296597940001106,0.8087317855897468,-0.03776434767205828,0.9752212710339883,-0.2037188488833958,-1.348189463719683,0.8959981618190193,1.576290959473721
-1.420748380170983,3.43479333917924,0.220350637326544,1.17215934021365,-1.619869242827445,-1.023085139475663,-0.6212236148161974,0.4546577853249828,-0.8369338774055708,-1.459947615670719
-0.16101835651403,0.8397921586630286,0.7800021285165548,-1.28740701560114,0.6577017717735097,-0.4647477959302607,-1.757333508285774,0.1964321769872807,0.2877710714729693,-0.3403398648062582
1.240751523001681,1.494503573313465,-1.244893923116879,0.06559426835121004,-1.541730102039994,-0.6134789906286462,-1.142972097308275,0.125498069688692,-0.4489679645279651,0.243112712308418
0.5196385639298855,2.005750033570268,-1.434684337517096,0.8993932772288294,-1.814309792420289,1.555775979764053,-1.288496322763028,-0.2702553547149943,-0.02587756084066905,-0.9692851655196991
0.1973340908781612,1.37530620278915,-0.9216591135770354,0.6075702164063571,-0.2141529328268805,0.8276460342528672,1.091614992859104,-1.561687020527641,-0.91703219879909,0.4903738355701976
0.05125207095779749,-0.3595253521266668,-0.4980996419567493,0.4655110015515193,-1.185464619250714,-0.251803956186971,-1.207815555538748,-0.1034099507082658,-0.4981330692974528,0.2724733345430969
-1.419603899960187,-0.9534317514038059,1.3186119284287,-0.9914724490514205,0.6653773855994524,0.04524993104518611,0.4198908552436282,-0.9896890886668873,1.183279719342974,-0.4632658587742499
-1.060003240217191,-0.9551912315808163,0.5915593504854522,0.7418846581706406,1.198197224910195,-0.06866255940697388,-0.3025943857439315,-1.679168809699259,-0.05367858327712949,-0.2892991132907538
1.058980426313834,0.4039224491513727,-0.3991471139588175,-0.5400776755177812,1.182966073136459,-0.8754722472888975,-0.9428300154999384,0.4492307260876259,-0.3022074768313086,1.439598477444735
0.1708189548712935,0.0312103341641079,1.0160618872942,-0.5527879561337927,-1.131379042370914,-1.260927614084258,-0.9861721475204065,1.021613633966976,1.160483944391054,-1.658984405372735
-0.3862719161209542,2.370335351203503,-1.025665650442833,-0.003531752283156433,0.7540285331211593,-0.3390565546060728,-0.6621550469034306,0.8326950966368494,-0.6017822030098509,-1.134768910472939
2.709653498668078,-0.8249033925950016,-0.7937320232257379,1.047654639517015,-0.7178478623286081,-0.1625209123118421,-0.6467013606661398,-0.8257724099561746,-1.821657007606681,-0.8615454673530327
-0.732221991341248,2.606877710786032,1.632897837696782,-0.3085483128414216,1.694427392443053,0.5879130467808302,-0.7817035861235196,-0.859533712966251,-0.408265141876975,1.173636591568232
0.1983078887906298,-0.4288957025817638,0.1774473359053746,-1.17345072955218,0.6875318048716971,0.5697857354585341,0.3612531191129721,-0.4094874837239912,-0.9452863046921932,0.5511521931771947
1.170103060198088,1.20704182680147,0.2157369839315417,0.3704364499335614,1.818272819445754,-0.3249153095943746,0.09621531450210197,-0.684637128410053,0.6349773992249491,-0.6574009592986031
-1.785749735232226,-2.101151845624312,1.002372639177479,-1.606486165830609,0.5728381248395061,0.9704165163074895,0.2402021469444597,0.1075987153263201,-1.174955547269205,-0.1938233839604172
-1.44885170244739,-0.9043540721961381,1.039628989151069,-0.170557501365169,1.02233722060235,-0.2563079450612638,1.09559553571099,-0.2866686969320195,0.5698262420146123,0.5215452466515735
-0.1538896629760828,-0.5602196758786467,-0.9938132216091932,-0.4185043107630852,-1.625180452331657,1.3568367995141,0.4455205947355799,1.026361256858844,1.259984119276953,-1.0305988908546
-0.2888239020849623,1.783829467300658,-0.818393473189886,-1.184155843324686,0.5342109612822799,0.6021585307725201,0.5027592303526717,-0.1065160952527612,0.2907738822139482,-2.377087216894366
0.8410789389003943,1.615404958092524,0.9086354548581486,-0.9582404093298972,0.3487475292046774,-0.5247807854563125,1.378428198318178,-0.4888125539609858,0.5744738315295453,0.2209992353060681
0.9332609492059408,0.725009922127271,0.1318142631033226,2.200545337116373,-1.0137900643939,-0.3570425343945877,-0.2811810262294593,0.4392607090632936,0.2865366881001944,0.2195882045984586
-2.971516472647717,-2.392079173214436,0.3147764069145728,0.4028787061356694,-0.3175002627328509,0.8506649759596927,1.034959505094046,1.061922927974553,0.3145142791759866,-1.778909102322287
1.807824719418739,-0.09274922668419916,0.3871884394671345,-0.1303969554677509,1.002224384479816,-1.433693610850134,-0.5540884297506031,-1.776644200159236,-0.2100511650713928,-1.556386916993981
1.221515314817812,0.7165238709331584,-0.8103395667626551,-1.08240124412906,-1.525752055596325,-0.9536213019598462,0.1994106446131299,-0.7643046429382025,-0.1801466283401773,0.4822276560238158
-0.732205674850853,-0.7373795466413164,1.543229824061154,-0.4829559200845577,-0.2720091221413251,-0.01869051284396622,-0.223477158565947,0.1805449254749044,0.4173342819318274,0.2207331542298205
-0.600413954245273,-0.3546124893446556,-0.557399481140247,-0.1022472839146607,0.3416467376174431,-1.038045653613327,-1.416411025870512,0.6351091694235415,1.07526282030317,0.8184757330255907
0.1583853943481286,1.714502070566179,-0.2885874917753446,0.9258415569603532,-0.1246384660283821,-0.3715008271232336,1.901754920402458,0.1476520157784526,-0.5553657022356742,1.65683497806481
-1.253157621777754,-2.160332073100869,0.9440733971742568,0.3300599792474805,0.2170876562722165,0.5531457720433151,1.385581439888622,-0.3500859065142438,1.331658084620623,2.088428341746304
-0.9811612753141631,-0.808116620580366,0.04343651087981705,-1.52499188975933,-0.3125221671895139,-0.8196008873061832,1.023348450918008,-1.511564568811773,0.02321987224760726,0.7202439833260955
-0.9731220174747006,3.083289373522659,-0.8906998127891147,0.09865018444538404,0.6712409704845821,0.3908985554160194,0.5093169919284797,0.06713316188872943,0.6067288804173957,0.1264514695843634
-1.631559990305658,3.372552655366386,0.4956559238497809,-0.1667666849177057,0.006376235234114317,-0.2571849755821847,0.6553654301421517,0.5461870756859979,0.1836978605620452,-2.405089655022249
0.6360486290498986,0.8140371448647165,0.4373402976692878,1.273140580686518,-1.185578326171744,1.516416174145867,-1.58123810534799,0.4723292744368583,1.120742164221636,0.8784918322255797
1.367311299688822,-0.1369952891574271,-1.19778521158788,-0.4337299162338755,-0.4480152096763123,0.08532571700355311,-1.079221724714338,0.05854037782279509,0.7397229359711495,-0.02592569229910593
0.5325752235345893,1.190051061234691,0.06367244204670677,1.359645942262428,-0.08749846035850006,0.1825896233698316,-1.089042819543631,0.008944339363743906,-1.358142777124751,1.447070093209267
-0.8188572147346255,-0.8089081268058637,-0.6319290508037297,-0.9274231159109595,0.69628561320824,1.019893077333009,0.8164661242405981,0.5734196237504918,0.2178059737477172,-2.005902065685002
-1.701835976190367,3.93023217764075,0.6118345790576554,1.086485560952243,0.249650473709888,1.139357118943752,1.432881020766206,0.52062047239549,-1.864627533176681,0.6672891632944821
-0.5649710341592091,2.086799450598373,-1.46608136000754,0.160341670805574,-1.241883403201153,-0.4358024385769557,0.2034452792307768,1.145812414251284,-0.3080062503890301,0.09393028882767292
-0.5352403307782089,-0.4383067123301768,0.8558284603557433,1.594230702260491,-0.9351332507609362,2.104033068625093,0.9094227017768908,0.9136402113650197,-1.75580928112659,-0.8894367087454049
2.556247359350801,0.05076775610622219,1.125701653863057,1.27959312890242,2.782586115601847,-0.07659997449096795,0.3499534124090546,-0.6184761184226087,0.09173413561879007,1.473418986056944
3.022389516313577,-1.346416791018637,-1.82255224899158,-0.554040937632076,0.3759190094272149,-1.288077160676531,1.629665798177307,0.2653474106250868,0.8003445871596319,0.1865867663320633
-1.040800443387883,-1.076652335660081,0.1608848211782823,-0.3471891596210939,0.3052543928509278,-0.1072833640782124,-0.6250242013827768,-0.7512650377928497,0.3716022596363247,0.8530590726762195
-2.220954564645832,-2.227877755901334,-0.4083882382391257,-0.4551134395408346,-0.4459044413697299,1.209073835730484,0.3777977680091447,0.7642060417923825,0.2217654378907457,-0.8008803872150675
0.5074102111752583,1.635725934351669,0.8349884630075646,0.9613152331875047,0.7631092033232022,0.8533971610994042,-1.109453763856028,-0.5894074059613139,-0.3924209142846232,-0.6544132039877526
-0.5633946487253823,1.831698773615558,0.3966108582825649,0.2880166719019002,-0.9214520844692828,-1.079049362703567,0.5922314521355653,1.499132105217439,-0.4919543338757604,-1.978037612815107
0.6843284531987497,0.40213724846372,0.3658120064231854,-1.998237404812069,-0.5768587453351254,2.391952559121794,0.7429249734142991,1.498204649740608,-0.2718011413568001,-0.2252880475041941
-1.815755478983618,-1.995960468996531,-0.4767361589712447,-0.2272459812790474,1.162846810649753,-0.7466853673036479,-0.9144275478023948,0.02912671251153712,2.032496721662887,-0.521202906133943
0.2975764621799657,0.9219877107015096,-0.5068532973974389,1.66346246109295,-0.273372627332765,-1.075608661068251,-0.18570169250476,-0.943305734136657,0.6261161790730867,-0.4832778694230164
0.6517543240352595,0.9218533236404094,0.9670675872048982,0.5459311432877957,0.7200252243939719,2.227383528358617,-0.6551841877990828,-1.152559373344607,0.08338484084182131,0.6812266053252677
-1.090780398929192,-0.559415797056226,1.179967943037499,0.6543939766336575,-2.115583318225109,0.2917006236490231,0.5552482690296184,-1.326311801558015,0.6782569877236151,-0.9732559070642239
1.787968431973862,-0.06858680391534921,0.7754810099284873,-1.744834535870292,-2.218573279490055,0.2042979179067649,0.178380943524724,1.215404948900382,-0.08038272242465093,-0.07266763930263778
-0.8346199834094654,-1.657761792310932,0.7994844671528289,1.942100831898851,-0.8177723152338306,1.017796852889171,1.525711690312097,0.8986701217208358,-0.6795299838044286,-0.2875134484229112
1.897896256729064,0.6673216851993449,0.3551529446591583,1.176518450723247,0.2028052814805086,-0.3963904944630638,-0.7185517650275901,-1.14747439460108,-0.11804365290642,0.09131999804177882
-0.2722021923474924,1.332073616339236,0.6674101215466057,-1.567216578041793,0.1487869916606638,-2.476946560476089,-0.8008743945401863,-0.3054733911650551,0.04665643977367424,-0.3754194799164769
-0.4337664191231314,2.083914125295276,1.148432522973487,-0.7724188393998105,0.6895145533682722,1.556752773716638,-0.9203685400411259,-0.1904137362571643,0.195516516657686,2.081143384253408
-0.8312810909449275,2.088735648143954,-1.100866604167493,1.164531251366305,-0.8986312492188979,0.3950615156127277,-0.4266781575970642,-0.437642326215173,-0.9456267548612647,-1.074183768200876
0.239293967603317,0.04570286602412144,-0.08752399577281184,0.07724567959133957,0.734325119533222,0.8848189710393007,-0.3932792424494402,0.09048709969017354,-1.286959838845596,-0.5000974004305355
0.3812365524690505,1.344701013366798,1.045165477579641,0.2701126752690408,-0.3397591208184166,-0.4609520599043118,-0.7299000868096746,0.8118808249840492,-0.1825941056767605,-1.701395840778294
0.3806297958909786,0.01498789412566959,-2.025358147367088,0.8672080194648774,-0.2641804629405938,-0.2590086705039733,0.5380262164431026,0.2112965461903268,0.09616619563479036,-0.2547250181634813
-0.3501571681522626,-0.06791166594570819,0.407866583081557,-0.3465607893138684,2.135349535757296,1.71162305432484,0.3868483928100257,0.691298097297892,-0.8062098896317738,-0.7025459554964678
0.1666443549262648,2.436515027223522,0.1293868501992827,0.8906168359867538,0.4928271871274129,1.157110052198146,-1.739550213593197,0.9574907893070442,0.201390599305947,-1.361373206035625
1.251672460299432,0.7065340919587899,-0.395123393331319,0.4948383810900568,-2.127732425694509,-0.7174654693577022,1.104958582191371,1.193196807244293,0.03728283412583541,-0.8689252412990888
-0.581455556308704,-1.871502334689227,0.6803010351831484,-0.9488695507301256,0.4680639167086176,-0.1323808472395205,-0.8118482114447099,-1.563572958218262,0.7986860884121901,1.986711980840199
1.440973878310464,1.015829340553666,0.02769145073456711,0.04567877975649592,-0.5325892467204827,-0.2847510851143795,0.0762817405343337,0.6629792901121191,-0.4087579144423157,1.421775007784571
3.317059652611513,-1.269515636372993,0.5504232313229254,0.2694225386680154,0.5505927710106825,-0.5227120444506343,1.228617418901637,0.05514314562978806,0.7514055732038669,-2.92728978979146
-1.210909061576165,-0.4366672321540102,-1.051046825373228,-0.2651743716565141,-0.3618218429247559,-0.09630535146241109,1.232901526707214,0.6070513346585816,0.5835390239684732,-0.2355210178811836
-1.133746725398224,-1.089664745071556,-0.8061949663806736,0.4892457792197724,0.4038090000931139,1.200285821096024,-0.696743068234251,-0.2872056316141191,0.7155215406609506,-1.204926470630268
0.7659106509788394,1.298192768931693,0.4111336427934518,0.7054813922198713,-0.5969451513596548,0.6608560788289154,0.3381811954990839,-0.2299208148435034,-0.1183063826805104,0.59916467035737
-1.37772478762668,-0.8887842625917803,0.2155943827406402,-1.559531671378888,1.580094276437811,-0.259321583383639,1.122651237050656,1.218623036039628,0.9558072045883566,0.3079728962658105
2.242057403907842,-0.3536639043692524,-0.5815725836713146,-0.1798046942256561,0.9879208655472791,0.429481838840398,0.3587806324421082,-2.192751424726814,0.0305478908428822,0.5620567333547694
1.207346467268477,-0.469645481462561,1.230829436123125,1.478874775477266,0.3393931329322478,0.2910983445353067,0.7658612571685345,1.25432309098652,1.724262988382105,1.034832754916128
-0.1383716402488628,1.472024390573251,2.099936530253272,-0.5579200513425154,0.7127071861619479,-0.6512178603340754,-0.4987099972346462,0.932679288178095,0.1132844367949709,-1.122306284885204
-1.050804188424871,2.798267673119698,0.6366767280677373,-0.09859095770437845,0.01227505965620565,1.701752828152112,0.8343267014980364,-0.2794394326499638,1.049845125281102,0.31429429529651
0.2085193142691933,1.817573071865282,1.602834872053157,-0.4698152071542168,0.02944991646799471,-0.08639227283855654,-0.4022667626710028,-0.9584462428776872,1.147413823766622,-0.1443381462639799
-1.028131095780148,-2.301445396602553,0.2783185394099604,-0.7732141769410998,-1.680153697181059,-0.4759708919439473,-0.8463175046913217,-0.4955468638796557,-0.2962697085533176,-0.0009237195641587304
1.586900356889202,0.3319412428788526,0.5432794279392067,1.94370839036189,-0.997619594541018,0.1326948053360311,-0.3765920047607231,-0.7686537629671232,-0.6614157455582657,-0.1355036828959201
-2.94114651212169,-2.292957549518424,-1.308811412054652,-0.3012503002957957,0.3378054028794039,0.132270226099234,-0.7921823330382355,-0.1607926317081018,-1.980697721878737,1.628067459046324
-0.8200645895246728,-0.235742299004484,0.7785848688536061,-0.03633486338516574,-0.5110979576045833,-0.7476041682851748,0.2160897580882415,0.3701968478414902,1.769805115708226,1.493946768637177
-0.9050748351080923,0.2784902114463217,0.09374954241761646,-0.9798565667810493,-0.02009780648140742,0.4935713315173553,-0.4901434762216728,-0.4699383203950382,-0.8024901925617409,-0.1681173692866691
-0.6002306331902272,3.22824380346575,2.22987263788472,-0.3735027092709789,-0.409014743879362,-0.9705243595704298,0.7614382516763953,1.353401028345142,-1.976718734249299,0.177859224675164
-0.8734192171790833,0.06232999660501326,-0.5620611226172061,0.1850955408920193,-1.039811821382514,0.2680286878219458,0.4605167909446378,-0.3944271859446645,-0.04318954421476379,-1.185145601328484
-0.5526620983742909,-0.03218679586480488,-0.4573998652167208,0.5149926570059081,1.393829948840429,1.472505221758498,0.8816717155372764,0.4572737066789729,-0.1512872222329163,1.397066539087415
-1.803088427259742,-1.733401930074,-1.066528140908522,0.102891383623264,1.736080734528817,-2.031848500996488,-0.2134807589590418,-1.444535649665631,-0.329117427257171,-0.591888802445968
1.351389653603671,0.4827683988977022,0.590728574807532,-0.647646618450323,-1.246878038575009,-0.9140585126485287,2.509785838929791,1.145663807881262,0.1294018290501865,0.6796705674512804
-0.6258668092315951,1.900143128113401,-1.643538186486197,0.03778118557527496,1.013494534161992,-0.7256535148818616,-0.2379650231113282,1.301800091854405,0.04977325807872369,-0.3051762160492299
0.7687142597812516,0.366729214842975,-0.05706614514799599,0.572062119455931,-0.4436659531738887,1.108169899599902,-0.4447568696031228,-2.62905113181094,-1.351432564173414,-0.3749555893488566
-0.6271812995353412,-0.1728251300299446,0.6935227680845886,-0.7094066466728216,-0.01712288860729788,0.0989883295039361,-0.1819928736268585,0.9114391100433551,-0.4482830736540229,0.2060108404492538
0.1732800582268113,-1.000681627508525,-0.07867861872694347,1.259087137635921,-1.02754618141245,0.1853598661741791,-0.9755996108826576,0.8920361914405655,0.3012602095903651,0.1489862261641958
0.6930852708677552,1.235895916602813,0.1527028473376879,-1.544140355882098,1.154726821613506,-0.01826599034802596,0.5243528140628848,-0.826574753985311,0.3509757020338977,0.312420307934394
0.5287605400082223,-0.04858001043425597,0.392561811482352,-0.2528649418382798,0.958682789922273,-0.5646005435676529,0.3383674758547899,0.4904362154126404,-0.8547696923241578,-0.1102815621242391
0.0413715061350941,-0.6101633819861526,0.186995205566175,-0.4639770336006863,-0.6215919238337551,-0.1930200734446217,-0.06116390271622443,-0.7344189251930855,-0.7780369570073238,-1.144288629311258
-0.1687485614078449,0.81403745330123,-0.4071720856479856,0.07012762662866029,0.252302300310605,0.8417992971881672,-1.841558052920569,-0.6936213965675038,0.83587925924986,-2.319968946432811
-0.08820935704990385,1.836136814479302,0.924400207333937,-1.06906282036503,0.4322551943478763,-0.5391931247035024,0.2512991575714087,-1.288714686033812,1.441676508240583,-0.643684362337669
1.253466172886285,2.077027067104081,0.362556895300428,0.222871093045713,-1.165635853734563,-0.3667584998442498,0.07364988529725555,0.6190510525740273,0.7817874760015634,0.8036487448767893
0.46139427741671,1.545320998810776,-0.3172191216272714,-0.2152694377395754,1.448645580327399,1.793683151494429,-1.296614045534812,-2.163563765463976,1.25996720880138,0.09321016531598711
-0.3331485993323857,2.252088188829144,-0.8996430266577902,-1.415856973632419,-0.1074871758604588,0.2907460158308198,0.5189850097216612,-1.145029161782525,-0.7010573747693194,-0.1265778610812202
0.7736485409351066,0.1477102556047384,1.331586826269334,-0.3935763319665112,-1.060486854264634,-1.455733850369439,0.3265495860484143,0.4449602022972799,0.2836406036242905,-0.4773534674660164
0.7413814613905612,0.7796867560187719,0.7860849753577164,-0.694578260171233,1.211256587779187,2.430472184859199,-0.8432501243925845,-1.517445874759293,-3.102703946701695,0.3682827133676553
-0.9876099855556558,-1.42838773085137,-1.129044681800417,0.2217336193514581,0.6446576020360261,0.6071778206694527,-0.424962838922548,1.179986122230443,0.03014290715597377,0.1147337483408319
0.583733783699753,0.7321386011629419,-0.07373196269428629,0.09314553986609381,-0.2132938504106084,0.4467960104394291,-0.2826713162422931,-0.354101645477064,0.3030525623319006,-0.1661366967534342
-1.277830985855847,-0.7886059424841265,-0.8184383027568224,0.6284751602499961,1.670253612262421,0.6550739061247415,0.4191435537086613,-1.602135623706513,-0.07517516533240393,-0.2975317141804071
1.958874052259568,1.367001552112197,-0.3258495883326347,-0.9949939017217865,-0.005891802541244979,0.7647989197947981,-0.6470919031327267,0.545797746698098,-0.01461217121778254,0.1775985047332366
-1.214022025945904,-1.243737491250853,0.8115239353483094,-2.027978659676815,0.4647989779913533,0.4500196104831641,-0.01628538935525938,-0.2933260091503727,0.03376328629798264,-0.1230612708782021
-3.3554182320535,-1.779244244141881,-0.1598965873373446,-0.4879924397612762,-1.423223342322212,-0.8464820913494965,0.2006087448743946,0.2522091432335534,-0.3383284252486205,0.5964600906921772
0.5866517808562398,0.9668383336286233,0.9973557875996896,-0.6802755875040447,-1.121856471186102,-0.004485191472661998,0.2986405074527321,-0.5522702286835662,-0.4461262225339713,-0.5002607148632531
0.9235929241709521,1.425867071319107,-0.7240814301753431,-0.445025297781189,-0.2094614038416507,-1.599527645001668,-0.3761389632453797,0.3889900547899257,0.03057942749588302,0.04914047499120024
0.2014928133682814,0.889769706751216,-0.1620314050025097,-0.2704309169580273,-1.020663394880818,0.3010318805040214,-1.104936676176807,0.1189258844826019,1.185527802643727,-0.01291430173635525
0.8713291249785362,-0.5723842823668843,0.9281288646424829,-1.209215950562272,-0.7536877237073113,0.3154091801490745,-1.186314004701266,-0.8213872435096276,-1.426987972172515,0.06045593314959372
-2.216103222754692,-1.341060911408914,0.0092604758834072,1.88380807351788,-1.741913273330038,0.978850797399278,0.6834508797930883,0.06054130910544046,1.710201896307097,-1.083953750747931
1.580323167621411,0.4432962595885565,0.7854527241641017,-0.9257234895931303,-0.5331681106136414,1.071998189259805,-0.1337809177997017,-1.079872260583286,0.09606113024892807,-0.3748738420314781
-0.01214832610145811,2.542404177739487,-1.122209427003661,-1.214938460749091,0.3466507554103933,0.3844473878765107,1.845246766683178,-0.394164633060025,0.6605954729423419,-1.863233098302703
-0.5704810344645579,-0.431932510166798,-0.9851060472448125,0.05918853878969723,0.385346276557207,-0.7428174206860112,-1.084095816470409,1.244885207735323,-1.314505551988552,1.131687575333217
1.726842382268405,1.214345717363819,-1.683517190014452,-0.1446272546226399,0.4375462697296674,0.8849953397992988,-0.1891413570440537,-0.6390494994818676,0.537940096094992,1.422170057479551
0.3161456181297808,1.866201796512848,0.5804189123214216,-0.3231771843389076,0.9420729181773211,-0.1085665495235601,0.6069950547823962,-0.5577047681037842,1.089338966417848,1.232503108527909
-0.3248277845687951,-1.019495075187473,0.6841275037423334,-1.014307815183467,0.8976924679544483,-0.4156282848865794,0.09194597071045038,1.942518067972706,-0.9253438119777631,0.1517483323111535
-0.1632588336430293,0.4189393787341005,1.077391762405202,0.996096640771298,0.7177752698975133,1.589752373764753,0.2062926700967979,-1.015771955755398,0.9615398570489091,0.3353384033219632
-1.688466819235238,-1.670050382714195,0.08488918435259596,1.622273061150168,0.8244696363124145,1.443056699879455,-0.2931356972860552,-0.4419432887212803,1.026436591379056,0.9731483488457131
-1.855184353952521,-2.539399913356795,-0.02605550754454946,-1.829036702216133,1.820937155282912,0.09819926257756002,-0.7353970427492019,-0.266598857761946,-0.00699235914858638,-0.5033052215991347
-1.317524956456203,-1.930811462675156,0.6901300661665323,1.853751762480344,0.9027769517920575,-1.837654384544227,0.1296255476274854,-0.08019096294820091,1.24969027118261,0.5608411326819124
-1.800691625369644,-0.7015583893836069,-1.570789922701341,-0.1310678242810405,-0.1800394042010944,0.7640443777948925,-0.5442190198469409,0.4320206060416197,-0.6628129253290546,-0.6929402257605072
-2.335112677383924,-1.981208653171483,-0.9091544770797796,0.4150062394284901,0.6281312097693256,0.258134508561323,-1.052990664504302,1.418840247176878,-0.7712312254237462,0.3802165555310018
-1.058318962212903,-0.8354718266150761,-0.204843048592897,0.3234894916730676,-0.3811785145963898,0.02312093422465055,-0.5083813149608801,2.858356406278775,0.7232839381605667,-1.272249201225474
1.083110919001663,1.019703417027995,0.4335650654274971,0.1686262360038177,-0.4934522000125113,-0.1276445326251172,0.6453609252826782,0.277813773213772,-0.8519195864601798,-0.6494841208159204
-2.363713205523326,-1.76269924347146,0.09898240464011022,-0.8010222402578802,-0.7440483926731226,-0.439970170431396,-0.4997129690581461,-1.64694141090947,-0.005163711507053014,0.596473621492474
1.634635929427951,0.3280699622044201,0.5933062663922475,0.6911645994431884,0.8248895905675911,-0.8406999613016486,0.5353093748869779,1.509693581561388,0.02295753799367474,-0.375385305691725
1.240560290207809,0.9108228841597898,0.9269808973862779,-0.178315643423977,-1.030196066545677,0.5699124110357999,-0.2237329293467039,-0.5030468796893697,-1.541216957954833,0.2745615829546015
0.07325586510271853,2.459498542715743,0.8171385659717453,-0.9655526251697015,1.2012930968521,-0.032491425047523,-1.651935825911306,-0.4002232948884815,0.03985997366365015,0.3292754726201162
-0.3261416295100807,-0.4270812546669018,1.149142529464113,1.428160555559751,-0.3561786270156926,-1.970998999487158,0.8773206445529887,0.4625417912422434,0.1689487946992009,0.9557198412460599
-1.424837042803484,-2.179228553800931,0.6863241420065079,1.563500351149139,-1.612666714571903,0.3114288728058132,-0.3515204261420317,-0.5874971664708066,0.09694917549267942,0.7970664412359043
0.4606974281956759,1.224086254598721,0.1665657255428139,-0.6139882225558912,1.418357597818456,-0.08825938281970862,1.48582605218749,-0.6943167244516587,-0.5563320725428554,0.2078177840338337
0.8475734588454887,0.9511554685937751,0.1522069148395461,-0.2230134638838957,-0.7585127542204142,0.2437043502617226,-2.171297745302255,-1.332975452804764,-0.8122325049264462,0.592923874710956
0.8169350751666573,-0.2427910257399273,-0.4420635373502726,-1.680860209927316,0.05603854357365523,-1.513024680907477,0.1156575969449328,-0.04126850253739579,-2.16633852281771,-0.5771640185041629
1.059706761454805,1.174832596717945,0.3407157486617169,-0.05068418748472445,0.1941547271685258,-0.6576136976015841,-1.974379460388283,0.2404855435120032,1.05815460258125,1.718153599741542
0.1263915217224013,1.755072234241465,1.086017157665617,-0.635431754992441,0.2150983391761537,-0.9193890898376823,-0.1910280989391131,0.2102688986919691,0.4417876114445321,1.900081615117164
1.283467154499239,1.249559064864826,0.9374280058506606,2.492850202461092,-1.334303090908701,1.416744069636068,-0.8237687917073859,-0.4790601943102374,-0.09934773669260399,-0.8435780314816758
3.296650265597412,-1.633732218311128,0.06726707748439595,-0.1974582541686748,-0.08612515661978518,0.7242027113993543,-0.1649910133815628,0.06824430628459673,-0.02620340730309437,0.7693333926845994
1.362944625187807,0.7575566011781069,1.963604137250686,-2.124567615881269,-0.1452151107269135,0.562614263538735,-0.05957167591764821,-0.03252607187644635,1.464000065119692,-0.5760568375271475
1.379382706780755,0.9328933566269134,-2.257203967364704,-0.2481831847962307,-1.222167502701937,-0.4029854102574239,-0.5985375408620046,0.4752532670565456,0.7342760727637591,0.542286995238034
0.7899310131794224,1.184572637235268,0.7604370269802452,-0.9668950315180913,1.322653398258211,0.7686417902290889,-0.6434567366963556,0.9617878406385008,-0.3777911366194908,-0.9487652169520048
0.8541059390399743,1.238392051491859,-0.9114352619068237,1.021152743650095,0.6379231870887974,0.3639425755269662,1.557385423948552,-0.5987629050188482,0.7419268933430061,0.7069547689687646
-0.2177394747490048,-0.004268907505023956,-1.526503761575184,-0.8517196335975445,0.1318591886991352,1.090968507816882,0.7581298478157158,-0.4312389950911938,-0.1415964312658038,0.2480139565732422
0.7630107053649539,0.7397778889619602,0.9023934810928242,-0.1573943835006762,1.802246084853087,0.7155573526033602,0.5149369250506761,0.9645973111175538,0.3417731926575032,0.2456350876074745
-2.048615260351256,-2.89430832399019,-0.54957781211351,-0.3377308459920833,-1.068505750150777,2.130117071289736,0.04820873225537893,-1.323214502750949,0.5305301557033063,0.8890541243198157
2.748745780983699,-0.2976467500914206,-0.5565140752925308,0.2558517929465995,0.4334415720667913,-1.493549210259366,1.661280258264449,0.7541791930175199,0.2072738288697607,-0.224091536315099
0.06986869792208972,2.709215813775452,-1.604517315495276,0.8313830830836801,0.4204402809245481,2.129761371721249,-0.3699536232319621,-1.407869600934133,-0.7184578609923369,-0.198872652592878
1.536442170993903,-0.06952997559416807,0.5850282676521109,2.459213462422814,-0.1532479975942847,-0.3553407550018509,0.6670684671749869,0.9271133557092439,0.189286298703857,0.5492261526603118
-0.3652002329031051,-0.09798305848802236,0.2913823819853519,0.1231712505703638,-0.5020196151570792,0.8705450169058496,0.6759051280512948,-1.832779809453977,1.31447329363356,-0.0001366326834662177
2.100002729547998,0.1884037797562702,-0.6370812619518739,0.5763510407825968,-0.2536666831871017,0.2630153044760014,-0.1033713945758915,0.4783982798804927,-0.57977941427748,1.901116309242278
-0.9349354839834885,2.76084466564871,-1.653469212198214,0.1444227403108855,-0.4311793918318172,0.6177383745789657,0.2029798367401248,-2.195664167929227,0.5012971665263751,1.326600776985155
0.9571944588958502,1.010010551941406,-1.491998759666129,1.173968526284219,0.913972182976413,2.284422644886923,-1.144741681042447,-0.3353672938618635,0.7162048054490691,-0.7074157215815178
-1.095775895354197,-1.600988396922627,0.988623111583314,-1.322843818490737,-0.2444068413762631,-0.1988014384773209,0.5507302748129178,-1.238460523580163,-1.195075348254126,0.4188221527062633
-2.816280713465738,-2.836208578970277,-1.198285570221826,-0.7686316668170787,-2.026547694641777,-2.11465261953352,-1.02781224455891,2.252993527697035,-0.7842027002131574,-0.8318834459024387
1.633084590070612,-0.5907805912526634,-1.644759821320197,-1.228419863420555,-0.8425704527608475,-0.7794755211580738,-0.4250774998300405,-0.207920445717749,-1.439219438721568,1.053820920177052
2.567747071160345,-2.487524405235552,1.013086104607946,-1.594446358091421,-0.005732262320394952,-2.072750726940255,0.2137587389225324,-1.568829477131045,0.134230346538703,-1.527240530711819
1.234154724469431,0.9348763383766622,-0.3013131322535947,1.057942440707914,0.6979981782022314,0.2534380938128763,-0.3410267066113919,-1.538617315741645,0.2971300812874348,0.144679679662558
-0.4111832590567774,0.2168362796906615,0.6781789908255814,-0.1890913656634671,1.739473651475016,-1.345987290085555,1.39092067450908,-0.9495547042258373,0.5225858601280667,1.023107158619262
-1.697405044623323,-0.6793889513712182,0.7999707415126313,0.5599975434864197,-1.208550995597739,-0.5678365772618642,1.766362355578014,0.5278627109031968,1.332589167173162,-0.4573941472790192
2.259021923156605,0.9722102797070133,-0.4934673103750946,1.352204826209141,-0.9742493462098838,0.5801047798229053,-1.061987685654262,0.3228142494912881,-0.8157793553900682,-0.1001266779220527
-0.5224483171397112,1.591428442087376,0.1064347758690582,-0.1676307905777962,0.08944613154736245,0.403044332731673,0.1411374316527426,0.6704733540336563,0.2032373188289528,0.07039796960004095
-1.778342753847607,-1.642125076144818,-0.1344390263415997,1.995579189386985,0.2032376186833443,0.05854821111339693,-1.186317162024488,1.789502730618572,-0.3555502898306934,0.3305643870411784
1.024230938224021,0.5241831547575084,-0.05609511958770479,0.3735506076942418,-1.114290940491808,-0.4187177685609718,-2.371246049517472,-0.7641158125365766,-0.3196392026518875,0.8575553372970667
-0.04298847781657,-0.9417605177938317,-0.2648410110494848,0.5456861716923893,0.3871379391478533,-1.23126238161036,-0.09215775553397221,-1.898907642130339,-0.2397428216368432,1.135381834287968
-0.9583624522682478,-1.222198025963774,-0.2497071366854529,-0.2434509446759399,-0.1318304740733427,1.513936469188185,0.6691844743711834,0.8408877440267295,-0.498255315869469,1.274122294577224
1.109283654291494,1.25092470147816,0.2398464344174333,0.002664404035037673,1.264501024757882,0.7203819946525403,-1.038585105133003,0.2073164676338168,-1.478958993054733,-0.5577055970245407
1.034177137637727,1.584656685597872,0.3967753097481064,0.6373339366838709,-0.347925496205962,1.648136441246677,-0.5203958686014573,-0.4085158813119856,0.2403198774806412,-1.557411361723962
-0.9091258641950045,-0.5100134040956359,3.002049941761356,0.05343398394572853,0.9554262664309024,0.2010294230822164,-0.1803976135602479,0.4837299729430847,1.197546918644902,0.642017069009662
1.829262178814518,-0.5272865167998633,-0.234422175059451,-0.9872230158838748,0.0490701039641104,0.7985458630745703,-0.5464778236973061,0.8066081127738595,-0.4598906160309221,0.557116718558999
-0.607837668189511,0.3079786333053112,-0.1597555392784451,-0.114997888960905,0.673263302065595,0.9097169798187325,-0.006512486615402475,0.8452677962187946,-1.431164174102145,-0.3312014313466748
-0.6841971733964251,-0.2265439945654819,-0.5355140535947285,-0.8350027138945152,1.188107407957204,0.5941854944443457,-0.06606439339874781,-1.029162671402186,1.206941101990804,-1.367501049089612
2.874850259652809,0.1618899981186561,-1.033427345354133,0.5461934553638395,-0.2394290461057348,-0.8556038142882317,-0.5349722331421678,-0.199370743170748,-0.3624563816815908,-0.8433574645712982
-1.890923647169643,-0.8238902969605406,0.2521806630206579,0.7287545618696796,1.040080009063044,-0.4918194585754352,0.8428394284645923,-0.08084846467861495,1.270440791371714,1.141000868423341
-1.97828386523177,-1.904670748087148,-1.23875580771851,2.091452193483478,-1.249131545065875,1.52372663590548,-1.386619889938419,1.317483785096253,0.9604732355101939,-1.485971693892444
-1.51255073974032,3.062966272182192,-0.8602653107382691,0.4827476577390789,-1.649917809343882,0.4874906762601867,-1.003431119883979,-0.2322779951469719,-0.3873439278461925,1.210863129515243
-0.6832665209301929,2.159298214287242,1.863792958978912,-0.6137859682115276,0.6429255414390348,0.5547399306958675,-0.8262543715363008,-0.3438292757696174,-1.836230319056533,1.072953485138293
-0.4619626572827376,-0.8150423449191895,-0.9801952334980507,1.6356456114755,0.1556206358153922,0.4017385565830683,0.6604376952884117,0.3223323316083676,-0.9903952327123668,-0.8470288136716169
3.095560090975226,0.3147288053911378,-1.214747044610561,-0.864476420330221,-0.3733107114311734,-0.4776556850008264,-0.4758249941465604,-0.9296584293251664,-2.524523093987025,-0.3422731050727614
2.956448516923596,-0.322312071056684,0.29576856069454,1.039894421064564,-0.2001834100395711,1.058233180353843,-0.321951426457958,0.4476096432227782,0.2279440282188219,-0.4509346013696673
0.3546954483540765,0.3865670029174058,0.7381034055595127,-0.1124990889604855,-2.061711327989439,-1.037747186205516,-0.5590474992605809,0.253104165385027,-0.7623638852247814,-2.041654332983808
-2.385261210123601,-1.076774432565528,-0.6302545677379507,0.2070479184239499,0.1055887153797247,0.6587834972921122,1.169020181622037,0.4048504745899677,-0.4189125970148452,-0.6360064445963992
-1.091186433158443,-1.387453714789904,0.08068269612187737,-0.3223052610036684,-0.3259267891879529,-0.4681990574233158,-0.755795749957357,0.1669814657627518,0.149504410953388,-1.001528558276605
-0.4849732312875487,0.2151850299774241,-0.5155132492992727,1.634768216427325,0.125733520341114,-0.3326218367383936,0.4734497139249546,1.290521408185355,0.6519262184035181,2.034338962191343
0.170491698732155,0.5497869542600433,1.823515188024798,0.7074341215806967,-0.02751578834622906,1.352757772498128,0.1450163852032018,-0.6546189407068775,-1.039732369647141,-0.4990600435349103
-1.023327475562439,-1.075425348009923,0.2061139777125956,1.990111804873509,1.13396082991119,1.036697781225341,-0.244886208821405,0.7184390744997133,-2.571350720011102,-0.6855402902971426
-1.250633039843382,-0.6873045281935759,0.4725579713503064,-0.7311259706862504,-0.1296811174631265,1.096501669749099,-1.306842327660887,-0.2486959591746108,0.6705961890735733,0.3448762223738221
